molecule,exp_est,pred_NTO
11-AcBPdCN,0.065,0.13641555000000022
12AcCz-PM,0.39,0.2220993000000005
12BTCzTPN,0.05586,0.13895375000000013
1CzSO,0.215,0.20737620000000032
25CzBPym,0.045,0.0696134000000002
25DAcBPy,0.04,0.04277999999999996
25tCzBPym,0.045,0.07798089999999985
26DAcBPy,0.01,0.062153049999999946
26DPXZBPy,0.04,0.04637124999999994
2BrCPT,0.04,0.2795235499999999
2Cz-DMAC-BTB,0.02,0.06339874999999996
2Cz-DMAC-TTR,0.047,0.15261285000000016
2Cz-DMAC-TXO,0.036,0.06852125000000008
2CzBN,0.55,0.20521090000000025
2CzPN,0.21,0.13624615000000037
2CzTPEPCz,0.13,0.2955862499999994
2DMAC-BP-F,0.195,0.1642593
2DN,0.07,0.07348789999999995
2F,0.1,0.12822250000000027
2H-Qz,0.11,0.19011150000000018
2PCzBN,0.28,0.24495164999999997
2PCzBN-tPh,0.26,0.2535200000000003
2PN,0.01,0.08553124999999998
2PS-2FPh,0.02,0.10543715000000009
2PXZ-OXD,0.23,0.05836184999999992
2PXZP,0.13,0.05595465
2SPBAC-BP,0.22,0.12698020000000004
3-ACBPmCN,0.18,0.1586609000000002
3-AcBPdCN,0.18,0.14807719999999994
3-AcBPtCN,0.13,0.06360484999999988
3-DPM,0.1,0.14256500000000025
35CzBPym,0.1,0.11306250000000041
36DTPAFM,0.12,0.08523124999999998
3CzBN,0.33,0.22899950000000008
3CzPhpPM,0.33,0.11244339999999996
3DMAC-BP-Br,0.04,0.10425625000000022
3DMAC-BP-CN,0.02,0.07862499999999993
3DPA3CN,0.10300000000000001,0.21093784999999998
3Py-DMAC,0.04,0.09564750000000005
3TCPM,0.26,0.15205805000000006
4-Ac,0.15,0.21889254999999985
4-SCZ,0.24,0.1627271
4CzIPN,0.0865,0.2657271500000005
4F-m-ν-DABNA,0.07,0.18295540000000002
4F-ν-DABNA,0.05,0.17868840000000016
5-Cz-Sac,0.28,0.19012154999999997
6AcBIQ,0.1,0.061835549999999954
9CzFDBFSPO,0.12,0.15869410000000023
ACID–BPPZ,0.02,0.07972499999999987
ACRF,0.1,-0.0024819499999999923
ACRSA,0.035,0.08355624999999998
AI-4Cz,0.02,0.07269735000000001
ANQDC-PSTA,0.08,0.0715975
APDC-DTPA,0.14,0.11816625000000011
APPT,0.07,0.1856521499999998
Ac-BPCN,0.13,0.179723
AcCN,0.07,0.08719179999999993
AcCYP,0.2,0.06710499999999993
B-dpa-Cz,0.15,0.13543905000000017
B-dpa-SpiroAC,0.14,0.11001765000000012
B4PyPPM,0.035,0.15331965000000009
BBCz,0.04,0.14158105000000012
BCZ-DPS-AD,0.13,0.17539444999999998
BDAPM,0.06,0.26096729999999985
BDAVBi,0.83,0.1645796500000002
BDPCC,0.11,0.19484625000000041
BDQC-2,0.12,0.3138271500000008
BDQDMAC,0.07,0.12599815000000025
BFCZPZ1,0.37,0.20229000000000003
BFCZPZ2,0.31,0.2786005499999998
BMIM,0.14,0.12345875
BP-mDTC,0.03,0.07301215000000011
BPCN-2Cz,0.22,0.1742685
BPCN-Cz2Ph,0.31,0.16676965000000007
BPCP-2CPC,0.166,0.14491875000000043
BPZPP,0.2,0.1285875
BTCZPZ1,0.24,0.25019875000000025
BTD-PXZ,0.13,0.05077499999999997
BTITrz,0.03,0.1427987500000002
BTPBFCz,0.09,0.1761555000000001
BTPBFCz-D3,0.12,0.15367715000000004
BTPO,0.44,0.13194835000000016
BTZPP,0.3,0.17855785000000016
BZC-PXZ,0.02,0.10266010000000014
BzITz,0.17,0.19948359999999998
C3F7,0.1,0.06533780000000002
CCDC,0.147,0.1358380499999998
CDBP-BP-DMAC,0.043,0.0828052
CDBP-BP-PXZ,0.096,0.14445320000000028
CN-TPA,0.08,0.21578624999999996
CNPP-TPA,0.045,0.22207100000000007
CTM,0.11,0.13463429999999996
CZ-DPS-DMAC,0.07,0.10365880000000013
CZ-TRZ,0.15,0.12541734999999996
CZ9CZPZ,0.315,0.24567495
Cbz-PYR,0.111,0.29561250000000006
CzDCbTrz,0.12,0.1195021500000002
CzPm,0.18000000000000002,0.17277005000000004
CzmPPC,0.28,0.19309660000000034
CzoB,0.049999999999999996,0.05989169999999997
DAcIPN,0.03,0.19894004999999976
DBCP,0.1,0.08044624999999991
DBQ-3PXZ,0.03,0.05780575000000002
DC-ACR,0.01,0.15230105000000033
DCPDAPM,0.1,0.058602149999999825
DCz-DPPZ,0.19,0.13572625000000016
DCzIPN,0.12,0.11584210000000018
DDMA-TXO2,0.14,0.09848285000000008
DDPhCz-DPPZ,0.16,0.15919390000000008
DHPZ-2BI,0.19,0.15376960000000023
DHPZ-2BN,0.2,0.14363360000000006
DIC-TRZ,0.06,0.14287304999999983
DMAC-11-DPPZ,0.112,0.1027650000000004
DMAC-AQ,0.09,0.11056360000000012
DMAC-Cz-TTR,0.066,0.1736076499999999
DMAC-DPS,0.09,0.2820073499999996
DMAC-FO,0.14,0.06946000000000002
DMAC-PCN,0.13,0.05165874999999981
DMACMNPTO,0.28,0.11510035000000007
DMBFTX,0.28,0.2845325000000006
DMIC-TRZ,0.056,0.1531812500000003
DMeCzIPN,0.07,0.13035090000000008
DPACPhTPI,0.72,0.49444999999999945
DPACpBr,0.02,0.24632050000000016
DPE-DPXZ,0.2,0.10584714999999995
DPIBPZ-DPXZ,0.05,0.09348750000000021
DPS-PXZ,0.05,0.17551125000000023
DPXZ-DPPM,0.05,0.1842734000000002
DTPTCzDP-CN,0.03,0.11144785000000006
DV-3CzCN,0.23,0.1686569499999999
DVCz-2CzCN,0.18,0.18768534999999997
DiCz-Sac,0.2,0.15710725000000023
ECDPTT,0.08,0.1037798
F2AcBO,0.07500000000000001,0.08317575000000005
FDQPXZ,0.045,0.07313365000000017
FSF4A,0.022,0.1369746500000001
FTAT-FBO,0.12000000000000001,0.14367625000000012
Fene,0.04,0.07964500000000016
HAP-3MF,-0.22,0.11510500000000029
ICBNTrz4,0.1,0.15080150000000025
IDAC-MCO,0.09,0.16128015000000018
IDFL-2DPA,0.45,0.1181636500000003
IpCm-PhBzAc,0.35,0.12267000000000002
MBF,0.01,0.09088680000000003
MCZ-P2-DTM,0.23,0.1708802
MPA,0.14,0.12886340000000007
MPPA,0.16,0.14723000000000008
Me2ACBO,0.05,0.11959555000000006
MeOCzPCN,0.01,0.12520910000000002
NAI–PhBiFA,0.12,0.12349925000000012
NIDPA-1,0.6,0.3060291499999999
NyDPAc,0.3,0.19013265000000004
NyDPO,0.09,0.11909215
OCzBN,0.2,0.16279375000000013
OPDPO,0.13,0.006372499999999975
OXD-7,0.0,0.1939837000000001
PBICT,0.08,0.21853035000000026
PFBP-2b,0.06,0.11545115000000003
PIAnTPh,1.14,0.8178078499999951
PO-TPA,0.2,0.09742625000000008
PPO21,0.00064,0.16382964999999985
PPZPPI,0.11,0.1782818
PPZTPI,0.11,0.1337568000000003
PSPBP,0.11,0.13853460000000026
PSPP,0.11,0.15668785000000024
PTPC,0.6355,0.1306318
PTZ-2PTO,0.27,0.2722868000000001
PTZ-DCPP,0.18,0.11341895
PTZ-NAI,0.08,0.048177499999999984
PX-TRZ,0.0565,0.11951965000000006
PXZ-10-DPPZ,0.057,0.07409875
PXZ-11-DPPZ,0.062,0.0597149999999999
PXZ-BOO,0.06,0.06824465000000016
PXZ-NAI,0.06,0.07009215000000006
PXZ-PPO,0.54,0.14826584999999992
PXZ2PTO,0.02,0.15456930000000005
PhQLPXZ,0.09,0.11694235000000021
PrDPhAc,0.07,0.18385750000000015
PxCN,0.02,0.1188875000000001
PxCYP,0.2,0.09432320000000008
PyIAnTPh,1.14,0.31536320000000023
SBA-2DPS,0.09,0.20959915000000012
SBDBQ-PXZ,0.07,0.08001590000000004
SBF-PXZ,0.26,0.17080105000000018
SBTF,0.2,0.29897785000000016
SFAC-BP-SFAC,0.036,0.06931749999999998
SFI23pPM,0.33,0.17202999999999982
SPAC-FO,0.13,0.06626465000000006
SPFS-PXZ,0.013,0.29141195000000036
STAC-BP-STAC,0.052,0.09127625000000009
SXAC-BP-SXAC,0.061,0.08771075000000007
SiTCNCz,0.13,0.16072209999999995
TCPZ,0.14,0.22095389999999995
TCZ1,0.016,0.30341189999999957
TCz1,0.058,0.1710632999999998
TCzTrz,0.14,0.21745465000000017
TDBA-DI,0.11,0.12776659999999995
TMDBP,0.1,0.13700985000000013
TPA-2,0.07,0.17843425000000007
TPA-NZP,-0.038,0.1426703500000001
TPAPm,0.32,0.17109295000000002
TPD4PA,0.05,0.1283962500000001
TPSi-F,0.1,0.21456445000000013
TPXZ-as-TAZ,0.22,0.17677480000000004
TPXZ–as-TAZ,0.03,0.16327604999999984
TRZ-pIC,0.29,0.1699384999999999
TXO-P-Si,0.47750000000000004,0.12346035000000008
TrisCz-Trz,0.065,0.07758325000000013
UGH3,0.22,0.20982694999999968
VBN0,0.11,0.2403592500000005
m-CZ-DPS-DMAC,0.21,0.16266019999999995
m-DTPACO,0.21,0.13041465000000005
m-ν-DABNA,0.07,0.12645074999999997
m2Cz2Trz,0.09,0.12384625000000017
mAP,0.01,0.15178590000000033
mCP-BP-DMAC,0.024,0.1291950000000003
mP2MPC,0.65,0.22641784999999992
mPTBC,0.006,0.09558805000000012
mTPA–PPI,0.76,0.18575235000000012
oDTPA-DTPZ,0.02,0.1617212499999999
oPTBC,0.007,0.08240450000000012
p-DTPACO,0.05,0.2240798000000002
pDPAPQ-PXZ,0.06,0.05939254999999998
pDPBPZ-PXZ,0.06,0.1207168000000004
pDTCz-2DPyS,0.21,0.16210270000000002
phenazasiline,0.11,0.2986524999999999
t-DABNA,0.16,0.17750325000000025
tBuCzDBA,0.052500000000000005,0.08453000000000012
α-2CbPN,0.27,0.16546860000000016
β-DI-DBP,0.12,0.2891469499999997
δ-2CbPN,0.13,0.18301070000000025
