molecule,heavy_atoms,atoms_with_H,exp_dEST_eV,sTDA_dEST_eV,S1_eV,T1_eV,dEST_eV,states_parsed,terminated_normally,wall_seconds,retained_bytes,smiles
BBCz,20,32,0.04,0.4780000000000002,4.467,3.403,1.064,True,True,130.2,143921,c1ccc2c(c1)[nH]c1cc3[nH]c4ccccc4c3cc12
BTD-PXZ,23,34,0.13,0.27,3.386,2.78,0.606,True,True,253.6,155360,c1ccc2c(c1)Oc1ccccc1N2c1ccc2nsnc2c1
phenazasiline,24,34,0.11,0.076,3.811,2.897,0.914,True,True,282.6,154184,Brc1ccc2nc3c4ccc(Br)cc4c4ccccc4c3nc2c1
BTPO,25,36,0.44,0.5019999999999998,4.791,3.885,0.906,True,True,271.9,192770,O=S1(=O)c2ccccc2N2c3ccccc3S(=O)(=O)c3cccc1c32
PXZ-BOO,26,40,0.06,0.2799999999999998,3.881,3.341,0.54,True,True,288.5,267264,Cc1nc2cc(N3c4ccccc4Oc4ccccc43)ccc2c(=O)o1
TMDBP,26,50,0.1,0.5819999999999999,4.717,3.604,1.113,True,True,329.5,245612,CC1(C)c2ccccc2Nc2c1ccc1c2C(C)(C)c2ccccc2N1
PXZ-PPO,26,40,0.54,0.6280000000000001,4.266,3.246,1.02,True,True,260.2,285131,Cc1cc2nc(N3c4ccccc4Oc4ccccc43)ccc2c(=O)o1
APPT,28,40,0.07,0.3729999999999998,3.942,2.844,1.098,True,True,264.6,159866,c1cc2c3c(cccc3c1)-c1nc3c4cccnc4c4ncccc4c3nc1-2
5-Cz-Sac,29,49,0.28,0.4460000000000002,4.589,3.695,0.894,True,True,346.5,231394,CC(C)(C)N1C(=O)c2cc(-n3c4ccccc4c4ccccc43)ccc2S1(=O)=O
DPS-PXZ,29,48,0.05,0.3779999999999996,6.663,6.075,0.588,True,True,661.6,313554,O=S(=O)(c1ccccc1)c1ccccc1.c1ccc2c(c1)Nc1ccccc1O2
PSPP,29,45,0.11,0.3639999999999999,4.171,3.381,0.79,True,True,350.4,394761,O=S(=O)(c1cccnc1)c1cccc(N2c3ccccc3Oc3ccccc32)c1
DHPZ-2BN,30,46,0.2,0.2449999999999996,3.708,3.044,0.664,True,True,312.0,178101,N#Cc1ccc(N2c3ccccc3N(c3ccc(C#N)cc3)c3ccccc32)cc1
DMAC-AQ,32,53,0.09,0.573,3.471,3.02,0.451,True,True,356.1,189956,CC1(C)c2ccccc2N(c2ccc3c(c2)C(=O)c2ccccc2C3=O)c2ccccc21
Cbz-PYR,32,50,0.111,0.3679999999999999,4.643,3.684,0.959,True,True,552.8,248461,c1ccc2c(c1)c1ccccc1n2-c1cc(-n2c3ccccc3c3ccccc32)ncn1
4-SCZ,32,51,0.24,0.552,4.363,3.217,1.146,True,True,596.3,208962,c1ccc2c(c1)-c1ccccc1C21c2ccccc2-c2c1ccc1[nH]c3ccccc3c21
BZC-PXZ,33,50,0.02,0.286,3.97,3.332,0.638,True,True,434.4,309425,O=C(c1ccc(N2c3ccccc3Oc3ccccc32)cc1)c1coc2ccccc2c1=O
ACRSA,34,55,0.035,0.004,3.924,3.445,0.479,True,True,739.2,213349,O=C1c2ccccc2C2(c3ccccc31)c1ccccc1N(c1ccccc1)c1ccccc12
4-Ac,34,68,0.15,0.6589999999999998,4.388,3.724,0.664,True,True,593.5,218645,CC(C)(C)c1ccc2c(c1)C(C)(C)c1cc(C(C)(C)C)ccc1N2c1ccc(C(F)(F)F)cc1
CTM,34,53,0.11,0.4100000000000001,4.026,3.385,0.641,True,True,394.6,254871,O=C(c1ccc(-n2c3ccccc3c3ccccc32)cc1)c1ccc2sc3ccccc3c2c1
PXZ-NAI,35,53,0.06,0.26,3.224,2.611,0.613,True,True,547.1,347166,O=C1c2cccc3c(N4c5ccccc5Oc5ccccc54)ccc(c23)C(=O)N1c1ccccc1
MPA,35,56,0.14,0.3609999999999997,4.014,3.347,0.667,True,True,538.3,296017,O=C(Cc1cc(-c2ccc(N3c4ccccc4Oc4ccccc43)cc2)ncn1)c1ccccc1
PTZ-NAI,35,53,0.08,0.0,3.268,2.714,0.554,True,True,534.6,257245,O=C1c2cccc3c(N4c5ccccc5Sc5ccccc54)ccc(c23)C(=O)N1c1ccccc1
DPACpBr,35,61,0.02,0.407,4.786,3.735,1.051,True,True,768.5,228869,Cc1cc(N2c3ccccc3C(c3ccccc3)(c3ccccc3)c3ccccc32)cc(C)c1Br
PXZ-10-DPPZ,36,55,0.057,0.1720000000000001,3.053,2.662,0.391,True,True,580.6,430959,c1ccc2c(c1)Oc1ccccc1N2c1cccc2nc3c4ccccc4c4ccccc4c3nc12
ACRF,36,55,0.1,0.0010000000000003,4.398,3.189,1.209,True,True,687.5,211201,N#Cc1ccc2c(c1)C1(c3cc(C#N)ccc3-2)c2ccccc2N(c2ccccc2)c2ccccc21
2PS-2FPh,36,54,0.02,0.347,4.094,3.275,0.819,True,True,626.6,246601,Fc1cc(N2c3ccccc3Sc3ccccc32)c(F)cc1N1c2ccccc2Sc2ccccc21
DCzIPN,36,54,0.12,0.4750000000000001,4.14,3.363,0.777,True,True,475.7,268275,N#Cc1cc(C#N)c(-n2c3ccccc3c3ccccc32)cc1-n1c2ccccc2c2ccccc21
SBDBQ-PXZ,36,57,0.07,0.1979999999999999,3.776,3.237,0.539,True,True,600.5,267407,c1ccc(-c2nc3ccc(N4c5ccccc5Oc5ccccc54)cc3nc2-c2ccccc2)cc1
PXZ2PTO,36,56,0.02,0.3639999999999999,4.162,3.365,0.797,True,True,658.7,394974,O=S1(=O)c2ccccc2N(c2ccccc2)c2cc(N3c4ccccc4Oc4ccccc43)ccc21
PhQLPXZ,36,58,0.09,0.1939999999999999,3.909,3.101,0.808,True,True,559.9,327290,c1ccc(-c2cc(-c3ccccc3)c3cc(N4c5ccccc5Oc5ccccc54)ccc3n2)cc1
PXZ-11-DPPZ,36,55,0.062,0.2310000000000003,3.513,2.827,0.686,True,True,441.5,336766,c1ccc2c(c1)Oc1ccccc1N2c1ccc2nc3c4ccccc4c4ccccc4c3nc2c1
2CzPN,36,54,0.21,0.3199999999999998,4.167,3.292,0.875,True,True,633.4,325435,N#Cc1cc(-n2c3ccccc3c3ccccc32)c(-n2c3ccccc3c3ccccc32)cc1C#N
OXD-7,36,66,0.0,0.7850000000000001,4.667,3.197,1.47,True,True,468.6,293142,CC(C)(C)c1ccc(-c2nnc(-c3cccc(-c4nnc(-c5ccc(C(C)(C)C)cc5)o4)c3)o2)cc1
PTZ-2PTO,36,56,0.27,0.3449999999999997,4.033,3.225,0.808,True,True,625.0,238206,O=S1(=O)c2ccccc2N(c2ccccc2)c2cc(N3c4ccccc4Sc4ccccc43)ccc21
α-2CbPN,36,52,0.27,0.3900000000000001,4.505,3.38,1.125,True,True,622.9,319196,N#Cc1cc(-n2c3ccccc3c3cccnc32)c(-n2c3ccccc3c3cccnc32)cc1C#N
δ-2CbPN,36,52,0.13,0.3529999999999997,4.274,3.324,0.95,True,True,603.9,323011,N#Cc1cc(-n2c3ccccc3c3ncccc32)c(-n2c3ccccc3c3ncccc32)cc1C#N
B-dpa-Cz,37,64,0.15,0.4909999999999996,3.887,3.198,0.689,True,True,726.7,465995,CC(C)(C)c1cc2c3c(c1)-n1c4ccccc4c4cccc(c41)B3c1ccccc1N2c1ccccc1
HAP-3MF,37,55,-0.22,0.0830000000000001,3.373,3.183,0.19,True,True,369.3,223618,Cc1cc(C2=NC3=NC(c4ccc(F)c(C)c4)=NC4=NC(c5ccc(F)c(C)c5)=NC(=N2)N34)ccc1F
FDQPXZ,37,57,0.045,0.2179999999999999,3.647,3.088,0.559,True,True,562.8,440064,Fc1cc2nc(-c3ccccc3)c(-c3ccccc3)nc2cc1N1c2ccccc2Oc2ccccc21
6AcBIQ,37,61,0.1,0.1160000000000001,3.456,2.713,0.743,True,True,632.9,281925,CC1(C)c2ccccc2N(c2ccc3c4c(cccc24)C(=O)N(c2ccccc2)C3=O)c2ccccc21
Fene,38,59,0.04,0.1879999999999997,3.831,3.246,0.585,True,True,843.3,489380,c1ccc2c(c1)Oc1ccccc1N2c1ccc2cccc(N3c4ccccc4Oc4ccccc43)c2n1
TPA-NZP,38,61,-0.038,1.004,2.97,1.479,1.491,True,True,790.6,388546,c1ccc(-c2c3ccccc3c(-c3ccc(N(c4ccccc4)c4ccccc4)cc3)c3nsnc23)cc1
MBF,38,58,0.01,0.298,3.6,2.769,0.831,True,True,492.5,243939,F[B-]1(F)OC(c2ccccc2)=Cc2cc(-c3ccc(N4c5ccccc5Oc5ccccc54)cc3)nc[n+]21
PX-TRZ,38,69,0.0565,0.4430000000000005,4.302,3.396,0.906,True,True,774.8,397279,Cc1cc(C)c(B(c2ccc(-c3nc(Cl)nc(-c4ccccc4)n3)cc2)c2c(C)cc(C)cc2C)c(C)c1
oPTBC,38,56,0.007,0.153,3.704,3.34,0.364,True,True,641.9,360565,N#Cc1ccc(-c2cc(C#N)cc(-c3ccc(C#N)cc3)c2N2c3ccccc3Oc3ccccc32)cc1
DMAC-11-DPPZ,38,63,0.112,0.137,3.768,2.93,0.838,True,True,614.9,219702,CC1(C)c2ccccc2N(c2ccc3nc4c5ccccc5c5ccccc5c4nc3c2)c2ccccc21
mPTBC,38,56,0.006,0.2810000000000001,3.711,3.368,0.343,True,True,603.5,322658,N#Cc1ccc(-c2cc(N3c4ccccc4Oc4ccccc43)cc(-c3ccc(C#N)cc3)c2C#N)cc1
mAP,38,70,0.01,0.6849999999999996,4.752,3.754,0.998,True,True,580.8,245518,CC1(C)c2ccccc2N(c2cccc(N3c4ccccc4C(C)(C)c4ccccc43)c2)c2ccccc21
C3F7,38,72,0.1,0.1049999999999999,4.034,3.565,0.469,True,True,805.5,435927,Cc1cc(C)c(B(c2ccccc2-n2c3ccccc3c3ccccc32)c2c(C)cc(C)cc2C)c(C)c1
DMeCzIPN,38,60,0.07,0.3799999999999999,4.06,3.371,0.689,True,True,495.8,296141,Cc1cccc2c3ccccc3n(-c3cc(-n4c5ccccc5c5cccc(C)c54)c(C#N)cc3C#N)c12
CzoB,38,72,0.049999999999999996,0.1059999999999998,4.034,3.565,0.469,True,True,815.0,435919,Cc1cc(C)c(B(c2ccccc2-n2c3ccccc3c3ccccc32)c2c(C)cc(C)cc2C)c(C)c1
BPCN-Cz2Ph,39,63,0.31,0.4140000000000001,4.523,3.601,0.922,True,True,578.8,349351,N#Cc1ccccc1-c1ccc(-n2c3ccc(-c4ccccc4)cc3c3cc(-c4ccccc4)ccc32)cc1
2BrCPT,39,59,0.04,0.435,4.515,3.518,0.997,True,True,751.1,237468,Brc1ccc2c(c1)c1cc(Br)ccc1n2-c1ccc(-c2nc(-c3ccccc3)nc(-c3ccccc3)n2)cc1
FTAT-FBO,39,68,0.12000000000000001,0.0179999999999997,5.512,4.165,1.347,True,True,656.9,292767,O=P(c1ccccc1)(c1ccccc1)c1ccc([Si](c2ccccc2)(c2ccccc2)c2ccccc2)cc1
3-ACBPmCN,40,64,0.18,0.1320000000000001,3.782,2.882,0.9,True,True,762.9,230379,CC1(C)c2ccccc2N(c2ccc3c(c2)c2cc(C#N)ccc2c2nc4ccccc4nc32)c2ccccc21
DMACMNPTO,40,70,0.28,0.601,4.718,3.76,0.958,True,True,753.4,283571,Cc1cc(N2c3ccccc3S(=O)(=O)c3ccccc32)c(C)cc1N1c2ccccc2C(C)(C)c2ccccc21
25CzBPym,40,62,0.045,0.137,3.844,3.339,0.505,True,True,639.2,295094,O=C(c1cncnc1)c1cc(-n2c3ccccc3c3ccccc32)ccc1-n1c2ccccc2c2ccccc21
35CzBPym,40,62,0.1,0.2600000000000002,3.988,3.412,0.576,True,True,658.9,289529,O=C(c1cncnc1)c1cc(-n2c3ccccc3c3ccccc32)cc(-n2c3ccccc3c3ccccc32)c1
IDAC-MCO,41,69,0.09,0.5249999999999999,4.204,3.333,0.871,True,True,597.1,271027,Cc1cc2cc(-n3c4ccccc4c4cc5c(cc43)C(C)(C)c3ccccc3N5c3ccccc3)ccc2c(=O)o1
CzmPPC,42,69,0.28,0.1939999999999999,4.699,3.553,1.146,True,True,655.7,310863,c1ccc(-c2cccc(-c3nc(-c4cccc(-c5ccccc5)c4)nc(-c4cccc(-c5ccccc5)c4)n3)c2)cc1
Ac-BPCN,42,65,0.13,0.601,3.466,2.879,0.587,True,True,775.7,227759,CC1(C)c2ccccc2N(c2ccc3nc4c5cc(C#N)ccc5c5ccc(C#N)cc5c4nc3c2)c2ccccc21
11-AcBPdCN,42,65,0.065,0.5830000000000002,3.458,2.857,0.601,True,True,821.2,227220,CC1(C)c2ccccc2N(c2ccc3nc4c5ccc(C#N)cc5c5cc(C#N)ccc5c4nc3c2)c2ccccc21
BTITrz,42,63,0.03,0.387,4.218,3.363,0.855,True,True,777.2,258862,N#Cc1cc(-c2nc(-c3ccccc3)nc(-c3ccccc3)n2)ccc1-n1c2ccccc2c2c3ccccc3sc21
3-AcBPdCN,42,65,0.18,0.5009999999999999,3.703,2.845,0.858,True,True,826.6,243505,CC1(C)c2ccccc2N(c2ccc3c(c2)c2ccccc2c2nc4cc(C#N)c(C#N)cc4nc32)c2ccccc21
TXO-P-Si,42,68,0.47750000000000004,-0.0090000000000003,3.816,3.295,0.521,True,True,878.6,416502,O=C1c2ccccc2S(=O)(=O)c2ccc(-c3ccc([Si](c4ccccc4)(c4ccccc4)c4ccccc4)cc3)cc21
DiCz-Sac,42,69,0.2,0.3289999999999997,4.304,3.538,0.766,True,True,834.8,407899,CC(C)(C)N1C(=O)c2cc(-n3c4ccccc4c4ccccc43)c(-n3c4ccccc4c4ccccc43)cc2S1(=O)=O
OPDPO,42,68,0.13,0.3169999999999997,3.957,3.246,0.711,True,True,646.3,394747,O=C(c1ccc(N2c3ccccc3Sc3ccccc32)cc1)c1ccc(P(=O)(c2ccccc2)c2ccccc2)cc1
MeOCzPCN,42,67,0.01,0.6039999999999996,4.16,3.453,0.707,True,True,666.9,297626,COc1ccc2c(c1)c1cc(OC)ccc1n2-c1ncnc(-n2c3ccc(OC)cc3c3cc(OC)ccc32)c1C#N
DAcIPN,42,72,0.03,0.4939999999999998,3.488,3.464,0.024,True,True,711.2,306895,CC1(C)c2ccccc2N(c2cc(N3c4ccccc4C(C)(C)c4ccccc43)c(C#N)cc2C#N)c2ccccc21
DPE-DPXZ,42,66,0.2,0.3840000000000003,4.264,3.343,0.921,True,True,578.4,244379,C(#Cc1ccc(N2c3ccccc3Oc3ccccc32)cc1)c1ccc(N2c3ccccc3Oc3ccccc32)cc1
DBCP,42,63,0.1,0.0859999999999998,3.758,3.006,0.752,True,True,582.1,217670,c1ccc2c(c1)Oc1ccccc1N2c1cc2c3ccccc3c3ccc4ccc5c6ccccc6c1c1c5c4c3c21
BzITz,42,63,0.17,0.4159999999999999,4.321,3.424,0.897,True,True,649.2,291884,N#Cc1cc(-c2nc(-c3ccccc3)nc(-c3ccccc3)n2)ccc1-n1c2ccccc2n2c3ccccc3nc12
3CzPhpPM,43,70,0.33,0.403,4.55,3.513,1.037,True,True,600.0,297597,c1ccc(-c2ccc3c(c2)c2ccccc2n3-c2ccc(-c3cc(-c4ccccc4)nc(-c4ccccc4)n3)cc2)cc1
IpCm-PhBzAc,43,74,0.35,0.6590000000000003,4.276,3.356,0.92,True,True,677.5,284206,CC(C)c1ccc2occ(-c3ccc(N4c5ccccc5C(C)(C)c5cc6c(cc54)oc4ccccc46)cc3)c(=O)c2c1
PSPBP,43,66,0.11,0.3730000000000002,4.1,3.385,0.715,True,True,612.4,545731,O=S(=O)(c1cccnc1)c1cc(N2c3ccccc3Oc3ccccc32)cc(N2c3ccccc3Oc3ccccc32)c1
DMAC-PCN,44,72,0.13,0.2290000000000001,4.623,3.321,1.302,True,True,645.0,371515,CC1(C)c2ccccc2N(c2ccc(-c3c(C#N)c(-c4ccccc4)nc(-c4ccccc4)c3C#N)cc2)c2ccccc21
3Py-DMAC,44,70,0.04,0.1359999999999996,4.559,3.338,1.221,True,True,812.9,354649,CC1(C)c2ccccc2N(c2ccc(-c3c(C#N)c(-c4cccnc4)nc(-c4cccnc4)c3C#N)cc2)c2ccccc21
3-AcBPtCN,44,66,0.13,0.1899999999999999,3.618,2.815,0.803,True,True,723.8,255470,CC1(C)c2ccccc2N(c2ccc3c(c2)c2cc(C#N)ccc2c2nc4cc(C#N)c(C#N)cc4nc32)c2ccccc21
DIC-TRZ,44,69,0.06,0.4610000000000003,4.277,3.377,0.9,True,True,877.2,422538,c1ccc(-c2nc(-c3ccccc3)nc(-n3c4ccccc4c4ccc5c6ccccc6n(-c6ccccc6)c5c43)n2)cc1
3-DPM,44,72,0.1,0.2710000000000003,3.78,2.833,0.947,True,True,717.8,607909,N#CC(C#N)=C(c1cccc(N(c2ccccc2)c2ccccc2)c1)c1cccc(N(c2ccccc2)c2ccccc2)c1
TPSi-F,44,76,0.1,0.8300000000000001,5.064,3.574,1.49,True,True,912.0,280855,c1ccc(C2(c3ccc([Si](c4ccccc4)(c4ccccc4)c4ccccc4)cc3)c3ccccc3-c3ccccc32)cc1
UGH3,44,78,0.22,-0.0020000000000006,5.504,4.187,1.317,True,True,925.7,434748,c1ccc([Si](c2ccccc2)(c2ccccc2)c2cccc([Si](c3ccccc3)(c3ccccc3)c3ccccc3)c2)cc1
BTPBFCz,45,68,0.09,0.4489999999999998,4.29,3.503,0.787,True,True,1077.8,527974,c1ccc(-c2nc(-c3ccccc3-n3c4ccccc4c4c5oc6ccccc6c5ccc43)c3sc4ccccc4c3n2)cc1
DMBFTX,45,77,0.28,0.6709999999999998,4.039,3.35,0.689,True,True,723.8,328225,CC1(C)c2ccccc2-c2cccc(-c3ccc4sc5ccc(-c6cccc7c6C(C)(C)c6ccccc6-7)cc5c(=O)c4c3)c21
2PXZ-OXD,45,69,0.23,0.2870000000000003,3.987,3.274,0.713,True,True,649.7,269225,c1ccc2c(c1)Oc1ccccc1N2c1ccc(-c2nnc(-c3ccc(N4c5ccccc5Oc5ccccc54)cc3)o2)cc1
DMIC-TRZ,46,78,0.056,0.673,2.355,1.039,1.316,True,True,859.7,282456,CC1(C)CC(c2cccc(-c3nc(-c4ccccc4)nc(-c4ccccc4)n3)c2)C=c2[nH]c3cc4c(cc3c21)-c1ccccc1C=4
CzPm,46,71,0.18000000000000002,0.4720000000000004,4.279,3.387,0.892,True,True,862.1,439264,N#Cc1c(-c2ccc(-n3c4ccccc4c4ccccc43)cc2)ncnc1-c1ccc(-n2c3ccccc3c3ccccc32)cc1
BTCZPZ1,46,68,0.24,0.379,4.112,3.377,0.735,True,True,771.9,305667,c1ccc2c(c1)sc1c2ccc2c3ccccc3n(-c3cnc(-n4c5ccccc5c5ccc6c7ccccc7sc6c54)cn3)c21
DMAC-FO,46,80,0.14,0.201,3.533,2.983,0.55,True,True,1002.6,267672,CC1(C)c2ccccc2N(c2ccc3c(c2)-c2cc(N4c5ccccc5C(C)(C)c5ccccc54)ccc2C3=O)c2ccccc21
BFCZPZ2,46,68,0.31,0.423,4.028,3.272,0.756,True,True,663.0,299900,c1ccc2c(c1)oc1c2ccc2c1c1ccccc1n2-c1cnc(-n2c3ccccc3c3c4oc5ccccc5c4ccc32)cn1
pDPAPQ-PXZ,46,69,0.06,0.2449999999999998,3.246,2.61,0.636,True,True,662.0,523071,c1ccc2c(c1)Oc1ccccc1N2c1ccc2c3c(cccc13)-c1nc3cc(-c4ccncc4)c(-c4ccncc4)cc3nc1-2
TPAPm,46,75,0.32,0.6310000000000002,3.942,3.101,0.841,True,True,764.6,448812,N#Cc1c(-c2ccc(N(c3ccccc3)c3ccccc3)cc2)ncnc1-c1ccc(N(c2ccccc2)c2ccccc2)cc1
BFCZPZ1,46,68,0.37,0.407,4.21,3.381,0.829,True,True,788.0,288544,c1ccc2c(c1)oc1c2ccc2c3ccccc3n(-c3cnc(-n4c5ccccc5c5ccc6c7ccccc7oc6c54)cn3)c21
3TCPM,46,76,0.26,0.3920000000000003,4.004,3.385,0.619,True,True,850.1,341001,O=C(c1ccccc1)c1ccc(-n2c3ccccc3c3cc(-c4ccc(N(c5ccccc5)c5ccccc5)cc4)ccc32)cc1
BPCN-2Cz,46,73,0.22,0.4780000000000002,4.574,3.594,0.98,True,True,699.3,394987,N#Cc1ccccc1-c1ccc(-n2c3ccccc3c3cc(-c4ccc5c(c4)c4ccccc4n5-c4ccccc4)ccc32)cc1
TCz1,47,86,0.058,0.4679999999999999,4.36,3.547,0.813,True,True,697.2,417078,CCCCC(CC)Cn1c2ccc(-n3c4ccccc4c4ccccc43)cc2c2cc(-n3c4ccccc4c4ccccc43)ccc21
TCZ1,47,86,0.016,0.4670000000000001,4.36,3.547,0.813,True,True,705.2,417086,CCCCC(CC)Cn1c2ccc(-n3c4ccccc4c4ccccc43)cc2c2cc(-n3c4ccccc4c4ccccc43)ccc21
3CzBN,47,73,0.33,0.4479999999999999,4.36,3.518,0.842,True,True,896.7,316747,N#Cc1c(-n2c3ccccc3c3ccccc32)cc(-n2c3ccccc3c3ccccc32)cc1-n1c2ccccc2c2ccccc21
DMAC-DPS,47,83,0.09,0.492,4.323,3.769,0.554,True,True,749.0,343751,CC1(C)c2ccccc2N(c2ccc(S(=O)(=O)c3ccc(N4c5ccccc5C(C)(C)c5ccccc54)cc3)cc2)c2ccccc21
PPO21,47,78,0.00064,0.4289999999999998,4.706,3.697,1.009,True,True,962.7,376317,O=P(c1ccccc1)(c1ccccc1)c1ccc(-n2c3ccccc3c3cc(P(=O)(c4ccccc4)c4ccccc4)ccc32)cc1
PxCN,48,74,0.02,0.383,4.05,3.359,0.691,True,True,822.3,451897,N#Cc1c(-c2ccc(N3c4ccccc4Oc4ccccc43)cc2)cncc1-c1ccc(N2c3ccccc3Oc3ccccc32)cc1
PxCYP,48,74,0.2,0.3340000000000001,3.804,3.105,0.699,True,True,778.3,397686,N#Cc1ccc(-c2ccc(N3c4ccccc4Oc4ccccc43)cc2)nc1-c1ccc(N2c3ccccc3Oc3ccccc32)cc1
p-DTPACO,48,80,0.05,0.5840000000000001,3.983,3.207,0.776,True,True,708.0,507699,O=C(c1ccc(C(=O)c2ccc(N(c3ccccc3)c3ccccc3)cc2)cc1)c1ccc(N(c2ccccc2)c2ccccc2)cc1
ICBNTrz4,48,77,0.1,0.3409999999999997,4.085,3.341,0.744,True,True,913.3,307831,CC1(C)c2ccccc2-c2cc3c4ccccc4n(-c4ccc(-c5nc(-c6ccccc6)nc(-c6ccccc6)n5)cc4C#N)c3cc21
mTPA–PPI,48,79,0.76,0.3620000000000001,4.419,3.291,1.128,True,True,888.3,587438,c1ccc(N(c2ccccc2)c2ccc(-c3cccc(-c4nc5c6ccccc6c6ccccc6c5n4-c4ccccc4)c3)cc2)cc1
m-DTPACO,48,80,0.21,0.427,4.03,3.198,0.832,True,True,785.4,339170,O=C(c1ccc(N(c2ccccc2)c2ccccc2)cc1)c1cccc(C(=O)c2ccc(N(c3ccccc3)c3ccccc3)cc2)c1
pDPBPZ-PXZ,48,73,0.06,0.2279999999999997,3.716,2.841,0.875,True,True,844.1,544887,c1ccc2c(c1)Oc1ccccc1N2c1ccc2c(c1)c1ccccc1c1nc3cc(-c4ccncc4)c(-c4ccncc4)cc3nc21
B4PyPPM,48,76,0.035,0.0459999999999993,4.539,3.555,0.984,True,True,800.5,338562,c1ccc(-c2nc(-c3cc(-c4ccncc4)cc(-c4ccncc4)c3)cc(-c3cc(-c4ccncc4)cc(-c4ccncc4)c3)n2)cc1
DC-ACR,48,84,0.01,0.0070000000000001,3.508,2.991,0.517,True,True,984.3,469376,CC1(C)c2ccccc2N(c2ccc(C(=O)C(=O)c3ccc(N4c5ccccc5C(C)(C)c5ccccc54)cc3)cc2)c2ccccc21
DCz-DPPZ,48,72,0.19,0.367,3.796,2.817,0.979,True,True,989.2,395891,c1cnc2c(c1)c1nc3cc(-n4c5ccccc5c5ccccc54)c(-n4c5ccccc5c5ccccc54)cc3nc1c1cccnc12
2H-Qz,48,75,0.11,0.3609999999999997,4.032,3.087,0.945,True,True,837.7,498549,c1ccc(-c2cc(-c3ccccn3)cc(-c3nc(-c4ccc(N5c6ccccc6Oc6ccccc65)cc4)c4ccccc4n3)c2)nc1
t-DABNA,49,102,0.16,0.4889999999999999,3.923,3.181,0.742,True,True,1205.1,977686,CC(C)(C)c1ccc(N2c3ccc(C(C)(C)C)cc3B3c4cc(C(C)(C)C)ccc4N(c4ccc(C(C)(C)C)cc4)c4cccc2c43)cc1
NIDPA-1,49,80,0.6,0.4830000000000001,3.726,2.678,1.048,True,True,968.4,439773,c1ccc(N(c2ccccc2)c2ccc3c(c2)cc2c4cccc(N(c5ccccc5)c5ccccc5)c4n4c5ccccc5c3c24)cc1
PPZPPI,49,79,0.11,0.2370000000000001,3.771,3.008,0.763,True,True,933.6,410916,c1ccc(N2c3ccccc3N(c3ccc(-c4nc5c6ccccc6c6ccccc6c5n4-c4ccccc4)cc3)c3ccccc32)cc1
DDMA-TXO2,50,90,0.14,0.6760000000000002,4.492,3.77,0.722,True,True,962.3,315430,CC1(C)c2ccccc2N(c2ccc3c(c2)C(C)(C)c2cc(N4c5ccccc5C(C)(C)c5ccccc54)ccc2S3(=O)=O)c2ccccc21
26DPXZBPy,50,77,0.04,0.3189999999999999,3.764,3.173,0.591,True,True,1321.2,613206,O=C(c1ccc(N2c3ccccc3Oc3ccccc32)cc1)c1cccc(C(=O)c2ccc(N3c4ccccc4Oc4ccccc43)cc2)n1
TRZ-pIC,50,79,0.29,0.5009999999999999,4.12,3.241,0.879,True,True,917.9,293424,c1ccc(-c2nc(-c3ccccc3)nc(-c3ccc(-n4c5ccccc5c5cc6c(cc54)c4ccccc4n6-c4ccccc4)cc3)n2)cc1
2PXZP,50,78,0.13,0.3349999999999999,3.859,3.116,0.743,True,True,789.1,342902,Cn1cnc2c(-c3ccc(N4c5ccccc5Oc5ccccc54)cc3)nc(-c3ccc(N4c5ccccc5Oc5ccccc54)cc3)nc21
2CzBN,50,101,0.55,0.3370000000000002,4.304,3.66,0.644,True,True,910.5,568533,CC(C)(C)c1ccc2c(c1)c1cc(C(C)(C)C)ccc1n2-c1cccc(-n2c3ccc(C(C)(C)C)cc3c3cc(C(C)(C)C)ccc32)c1C#N
B-dpa-SpiroAC,50,85,0.14,0.447,3.843,3.188,0.655,True,True,1152.2,783968,CC(C)(C)c1cc2c3c(c1)N1c4ccccc4C4(c5ccccc5-c5ccccc54)c4cccc(c41)B3c1ccccc1N2c1ccccc1
PTZ-DCPP,50,72,0.18,0.5269999999999997,3.582,3.17,0.412,True,True,751.5,261651,N#Cc1nc2c3ccc(N4c5ccccc5Sc5ccccc54)cc3c3cc(N4c5ccccc5Sc5ccccc54)ccc3c2nc1C#N
NyDPO,50,78,0.09,0.3049999999999997,4.149,3.224,0.925,True,True,747.7,278177,c1ccc2c(c1)Oc1ccccc1N2c1ccc(-c2ccc3nc(-c4ccc(N5c6ccccc6Oc6ccccc65)cc4)ccc3n2)cc1
MCZ-P2-DTM,50,80,0.23,0.4120000000000003,4.009,3.364,0.645,True,True,758.9,348725,COc1ccc(-c2ccc3c(c2)c2cc(-c4ccc(OC)cc4)ccc2n3-c2ccc(C(=O)c3ccc4sc5ccccc5c4c3)cn2)cc1
SiTCNCz,52,83,0.13,0.4129999999999993,4.765,3.66,1.105,True,True,1347.2,332005,N#Cc1cccc(-c2nc(-c3cccc([Si](c4ccccc4)(c4ccccc4)c4ccccc4)c3)nc(-n3c4ccccc4c4ccccc43)n2)c1
AcCN,52,90,0.07,0.2689999999999997,4.332,3.655,0.677,True,True,1191.5,720390,CC1(C)c2ccccc2N(c2ccc(-c3cncc(-c4ccc(N5c6ccccc6C(C)(C)c6ccccc65)cc4)c3C#N)cc2)c2ccccc21
AcCYP,52,90,0.2,0.1229999999999997,4.161,3.299,0.862,True,True,1484.3,433530,CC1(C)c2ccccc2N(c2ccc(-c3ccc(C#N)c(-c4ccc(N5c6ccccc6C(C)(C)c6ccccc65)cc4)n3)cc2)c2ccccc21
12AcCz-PM,53,89,0.39,0.4130000000000002,4.091,3.269,0.822,True,True,1254.0,713096,CC1(C)c2ccccc2N(c2ccc(-c3cc(-c4ccccc4)nc(-c4ccccc4)n3)cc2)c2c1ccc1c2c2ccccc2n1-c1ccccc1
CCDC,53,84,0.147,0.443,3.996,3.39,0.606,True,True,1036.5,419774,O=C(c1ccccc1)c1ccc(-n2c3ccc(-n4c5ccccc5c5ccccc54)cc3c3cc(-n4c5ccccc5c5ccccc54)ccc32)cc1
SBF-PXZ,53,83,0.26,0.387,4.066,3.292,0.774,True,True,1353.7,849831,c1ccc2c(c1)Oc1ccccc1N2c1ccc2c(c1)C1(c3ccccc3-c3ccccc31)c1cc(N3c4ccccc4Oc4ccccc43)ccc1-2
OCzBN,53,85,0.2,0.4899999999999997,4.243,3.475,0.768,True,True,1029.7,468186,COc1ccc2c(c1)c1ccccc1n2-c1cc(-n2c3ccccc3c3cc(OC)ccc32)c(C#N)c(-n2c3ccccc3c3cc(OC)ccc32)c1
FSF4A,53,90,0.022,0.3700000000000001,4.269,3.234,1.035,True,True,1473.5,485278,CC1(C)c2ccccc2-c2ccc(N(c3ccccc3-c3ccccc3)c3cccc4c3-c3ccccc3C43c4ccccc4-c4ccccc43)cc21
PPZTPI,53,91,0.11,0.238,3.765,3.004,0.761,True,True,1128.3,499948,CC(C)(C)c1ccc(-n2c(-c3ccc(N4c5ccccc5N(c5ccccc5)c5ccccc54)cc3)nc3c4ccccc4c4ccccc4c32)cc1
ECDPTT,53,86,0.08,0.645,4.015,2.79,1.225,True,True,1133.6,588174,CCn1c2ccccc2c2cc(C(=C(c3ccccc3)c3ccccc3)c3ccc(-c4ccc5c(c4)S(=O)(=O)c4ccccc4S5(=O)=O)cc3)ccc21
BDQDMAC,54,94,0.07,0.1320000000000001,3.284,2.776,0.508,True,True,1316.0,748169,CC1(C)c2ccccc2N(c2ccc(N3c4ccccc4C(C)(C)c4ccccc43)c3nc(-c4ccccc4)c(-c4ccccc4)nc23)c2ccccc21
26DAcBPy,54,93,0.01,0.326,3.809,3.198,0.611,True,True,1801.4,722306,CC1(C)c2ccccc2N(c2ccc(C(=O)c3cccc(C(=O)c4ccc(N5c6ccccc6C(C)(C)c6ccccc65)cc4)n3)cc2)c2ccccc21
25DAcBPy,54,93,0.04,0.133,3.711,3.132,0.579,True,True,1095.2,525337,CC1(C)c2ccccc2N(c2ccc(C(=O)c3ccc(C(=O)c4ccc(N5c6ccccc6C(C)(C)c6ccccc65)cc4)nc3)cc2)c2ccccc21
mCP-BP-DMAC,54,85,0.024,0.363,4.011,3.351,0.66,True,True,1077.6,503618,O=C(c1ccc(N2c3ccccc3Oc3ccccc32)cc1)c1ccc2c(c1)c1ccccc1n2-c1cccc(-n2c3ccccc3c3ccccc32)c1
NyDPAc,54,94,0.3,0.3610000000000002,4.185,3.188,0.997,True,True,1056.9,379249,CC1(C)c2ccccc2Nc2cccc(-c3ccc(-c4ccc5nc(-c6ccc(-c7cccc8c7C(C)(C)c7ccccc7N8)cc6)ccc5n4)cc3)c21
VBN0,54,89,0.11,0.4529999999999998,4.273,3.399,0.874,True,True,1192.0,687970,C=Cc1ccc(COc2ccc3c(c2)c2ccccc2n3-c2cccc(-n3c4ccccc4c4cc(OCc5ccc(C=C)cc5)ccc43)c2C#N)cc1
IDFL-2DPA,54,91,0.45,0.3169999999999997,3.763,3.017,0.746,True,True,933.7,382768,CC1(C)c2ccccc2-c2c1cc1c3cc(N(c4ccccc4)c4ccccc4)ccc3n3c4ccc(N(c5ccccc5)c5ccccc5)cc4c2c13
BDAVBi,54,94,0.83,0.6509999999999998,3.807,2.576,1.231,True,True,1016.1,483128,C(=Cc1ccc(N(c2ccccc2)c2ccccc2)cc1)c1ccc(-c2ccc(C=Cc3ccc(N(c4ccccc4)c4ccccc4)cc3)cc2)cc1
2DMAC-BP-F,55,92,0.195,0.585,3.82,2.841,0.979,True,True,1035.2,291352,CC1(C)c2ccccc2N(c2ccc3c(c2)c2cc(N4c5ccccc5C(C)(C)c5ccccc54)ccc2c2nc4c(F)cccc4nc32)c2ccccc21
2PN,55,92,0.01,0.1939999999999999,3.275,2.616,0.659,True,True,1196.4,627155,CC(C)c1cccc(C(C)C)c1N1C(=O)c2cc(N3c4ccccc4Oc4ccccc43)cc3cc(N4c5ccccc5Oc5ccccc54)cc(c23)C1=O
CN-TPA,55,93,0.08,0.5669999999999997,3.553,2.677,0.876,True,True,1242.5,644828,CC(C)(C)c1ccc(N(c2ccc(-c3cc4nc5c6ccc(C#N)cc6c6cc(C#N)ccc6c5nc4cc3C#N)cc2)c2ccc(C(C)(C)C)cc2)cc1
2F,55,90,0.1,0.4500000000000002,3.948,3.251,0.697,True,True,1095.3,412826,c1ccc(N(c2ccccc2)c2ccc3c(c2)c2cc(N(c4ccccc4)c4ccccc4)ccc2n3-c2ccc(-c3ccc4nccnc4c3)cc2)cc1
SPFS-PXZ,56,86,0.013,0.3850000000000002,4.078,3.37,0.708,True,True,1249.7,508328,O=S1(=O)c2ccc(N3c4ccccc4Oc4ccccc43)cc2C2(c3ccccc3-c3ccccc32)c2cc(N3c4ccccc4Oc4ccccc43)ccc21
SFI23pPM,56,89,0.33,0.3890000000000002,4.449,3.427,1.022,True,True,1234.3,348024,c1ccc(-c2cc(-c3ccc(-n4c5ccccc5c5cc6c(cc54)C4(c5ccccc5-c5ccccc54)c4ccccc4-6)cc3)nc(-c3ccccc3)n2)cc1
mP2MPC,56,93,0.65,0.3929999999999998,4.418,3.278,1.14,True,True,1336.2,727307,Cc1cc(-c2cccc(-n3c4ccccc4c4ccccc43)c2)c(C)cc1-c1cccc(-c2nc3c4ccccc4c4ccccc4c3n2-c2ccccc2)c1
DCPDAPM,56,93,0.1,0.1110000000000002,3.961,3.377,0.584,True,True,1410.0,541609,CC1(C)c2ccccc2N(c2ccc(C(=O)c3cc(-n4c5ccccc5c5ccccc54)cc(-n4c5ccccc5c5ccccc54)c3)cc2)c2ccccc21
DHPZ-2BI,56,90,0.19,0.242,3.775,3.011,0.764,True,True,1256.8,526997,c1ccc(-n2c(-c3ccc(N4c5ccccc5N(c5ccc(-c6nc7ccccc7n6-c6ccccc6)cc5)c5ccccc54)cc3)nc3ccccc32)cc1
BP-mDTC,56,112,0.03,0.2999999999999998,3.982,3.383,0.599,True,True,1318.4,403861,CC(C)(C)c1ccc2c(c1)c1cc(C(C)(C)C)ccc1n2-c1cc(C(=O)c2ccccc2)cc(-n2c3ccc(C(C)(C)C)cc3c3cc(C(C)(C)C)ccc32)c1
36DTPAFM,56,90,0.12,0.3489999999999997,3.133,2.354,0.779,True,True,1025.9,367244,N#CC(C#N)=C1c2ccc(-c3ccc(N(c4ccccc4)c4ccccc4)cc3)cc2-c2cc(-c3ccc(N(c4ccccc4)c4ccccc4)cc3)ccc21
25tCzBPym,56,110,0.045,0.1360000000000001,3.786,3.335,0.451,True,True,1399.4,555645,CC(C)(C)c1ccc2c(c1)c1cc(C(C)(C)C)ccc1n2-c1ccc(-n2c3ccc(C(C)(C)C)cc3c3cc(C(C)(C)C)ccc32)c(C(=O)c2cncnc2)c1
2Cz-DMAC-TXO,57,92,0.036,0.5329999999999999,4.033,3.399,0.634,True,True,1157.3,375183,CC1(C)c2cc(-n3c4ccccc4c4ccccc43)ccc2N(c2ccc3sc4ccccc4c(=O)c3c2)c2ccc(-n3c4ccccc4c4ccccc43)cc21
2Cz-DMAC-BTB,57,92,0.02,0.3809999999999998,4.262,3.481,0.781,True,True,1191.4,375745,CC1(C)c2cc(-n3c4ccccc4c4ccccc43)ccc2N(c2ccc3c(c2)-c2ccccc2S3(=O)=O)c2ccc(-n3c4ccccc4c4ccccc43)cc21
1CzSO,57,111,0.215,0.4479999999999999,4.46,3.354,1.106,True,True,1380.0,394358,CC(C)(C)c1ccc2c(c1)c1cc(C(C)(C)C)ccc1n2-c1ccc2c(c1)-c1cc(-n3c4ccc(C(C)(C)C)cc4c4cc(C(C)(C)C)ccc43)ccc1S2(=O)=O
m-CZ-DPS-DMAC,57,94,0.21,0.4239999999999999,4.411,3.675,0.736,True,True,1585.0,546968,CC1(C)c2ccccc2N(c2cccc(S(=O)(=O)c3cc(-n4c5ccccc5c5ccccc54)cc(-n4c5ccccc5c5ccccc54)c3)c2)c2ccccc21
pDTCz-2DPyS,57,111,0.21,0.359,4.511,3.651,0.86,True,True,1135.5,421064,CC(C)(C)c1ccc2c(c1)c1cc(C(C)(C)C)ccc1n2-c1ccc(S(=O)(=O)c2ccc(-n3c4ccc(C(C)(C)C)cc4c4cc(C(C)(C)C)ccc43)cn2)nc1
SBA-2DPS,57,91,0.09,0.5909999999999997,4.435,3.756,0.679,True,True,1154.9,373865,O=S(=O)(c1ccccc1)c1ccc(N2c3ccccc3C3(c4ccccc42)c2ccccc2N(c2ccc(S(=O)(=O)c4ccccc4)cc2)c2ccccc23)cc1
SBTF,57,91,0.2,0.7359999999999998,4.006,2.647,1.359,True,True,1249.1,555877,c1ccc2c(c1)-c1ccccc1C21c2c(ccc3cc(-c4ccc5ccccc5c4)ccc23)-c2ccc(-c3cc4ccccc4c4ccccc34)c3cccc1c23
CZ-DPS-DMAC,57,94,0.07,0.3960000000000003,4.283,3.697,0.586,True,True,1283.1,329995,CC1(C)c2ccccc2N(c2ccc(S(=O)(=O)c3cc(-n4c5ccccc5c5ccccc54)cc(-n4c5ccccc5c5ccccc54)c3)cc2)c2ccccc21
TPA-2,58,92,0.07,0.1399999999999996,3.069,2.637,0.432,True,True,1424.4,665409,O=C1c2ccccc2C(=O)c2c1ccc1nc(-c3ccc(N(c4ccccc4)c4ccccc4)cc3)c(-c3ccc(N(c4ccccc4)c4ccccc4)cc3)nc21
BMIM,58,90,0.14,0.528,3.458,2.516,0.942,True,True,1557.1,655843,N#Cc1nc2c(nc1C#N)-c1ccc(-c3ccc(N(c4ccccc4)c4ccccc4)cc3)c3c(-c4ccc(N(c5ccccc5)c5ccccc5)cc4)ccc-2c13
CZ9CZPZ,58,90,0.315,0.4609999999999998,4.172,3.303,0.869,True,True,1226.3,373542,c1ccc2c(c1)c1ccccc1n2-c1ccc2c(c1)c1ccccc1n2-c1cnc(-n2c3ccccc3c3cc(-n4c5ccccc5c5ccccc54)ccc32)cn1
2PCzBN,58,93,0.28,0.4059999999999997,4.292,3.607,0.685,True,True,1271.3,542942,N#Cc1c(-n2c3ccc(-c4ccccc4)cc3c3cc(-c4ccccc4)ccc32)cccc1-n1c2ccc(-c3ccccc3)cc2c2cc(-c3ccccc3)ccc21
APDC-DTPA,58,90,0.14,0.528,3.458,2.516,0.942,True,True,1551.8,655892,N#Cc1nc2c(nc1C#N)-c1ccc(-c3ccc(N(c4ccccc4)c4ccccc4)cc3)c3c(-c4ccc(N(c5ccccc5)c5ccccc5)cc4)ccc-2c13
BTZPP,58,100,0.3,0.5839999999999996,3.606,2.467,1.139,True,True,1311.0,572551,CC(C)(C)c1ccc(-n2c(-c3ccc(-c4cccc5nsnc45)cc3)cc3c2cc(-c2ccc(-c4cccc5nsnc45)cc2)n3-c2ccc(C(C)(C)C)cc2)cc1
DPXZ-DPPM,58,88,0.05,0.266,3.669,2.816,0.853,True,True,1112.3,685097,O=C(c1ccccc1)c1ccc2nc3c4ccc(N5c6ccccc6Oc6ccccc65)cc4c4cc(N5c6ccccc6Oc6ccccc65)ccc4c3nc2c1
oDTPA-DTPZ,58,92,0.02,0.4849999999999999,3.632,2.497,1.135,True,True,1480.4,471425,c1ccc(N(c2ccccc2)c2ccc(-c3cc4nc5c(nc4cc3-c3ccc(N(c4ccccc4)c4ccccc4)cc3)c3sccc3c3ccsc35)cc2)cc1
PrDPhAc,58,96,0.07,0.6560000000000001,4.229,3.419,0.81,True,True,1804.5,937990,c1ccc(C2(c3ccccc3)c3ccccc3N(c3cncc(N4c5ccccc5C(c5ccccc5)(c5ccccc5)c5ccccc54)n3)c3ccccc32)cc1
ACID–BPPZ,59,93,0.02,0.4420000000000001,4.007,3.145,0.862,True,True,1701.4,325329,CC1(C)c2ccccc2N(c2ccc3c(c2)c2ccccc2c2nc4c5cccnc5c5ncccc5c4nc32)c2cc3c4ccccc4n(-c4ccccc4)c3cc21
2DN,59,108,0.07,0.1549999999999998,3.488,2.797,0.691,True,True,1587.1,342254,CC(C)c1cccc(C(C)C)c1N1C(=O)c2cc(N3c4ccccc4C(C)(C)c4ccccc43)cc3cc(N4c5ccccc5C(C)(C)c5ccccc54)cc(c23)C1=O
2Cz-DMAC-TTR,60,95,0.047,0.4349999999999996,3.928,3.593,0.335,True,True,1468.9,552265,CC1(C)c2cc(-n3c4ccccc4c4ccccc43)ccc2N(c2ccc3c(c2)S(=O)(=O)c2ccccc2S3(=O)=O)c2ccc(-n3c4ccccc4c4ccccc43)cc21
CNPP-TPA,60,92,0.045,0.4740000000000002,3.64,2.874,0.766,True,True,1410.6,444714,N#Cc1nc2c3ccc(-c4ccc(N(c5ccccc5)c5ccccc5)cc4)nc3c3nc(-c4ccc(N(c5ccccc5)c5ccccc5)cc4)ccc3c2nc1C#N
BDQC-2,60,98,0.12,0.351,3.981,3.122,0.859,True,True,1122.5,538633,c1ccc(-c2ccc(N(c3ccc(-c4ccccc4)cc3)c3ccc4c5ccccc5n(-c5ccc6nc(-c7ccccc7)c(-c7ccccc7)nc6c5)c4c3)cc2)cc1
BCZ-DPS-AD,60,103,0.13,0.4199999999999999,4.381,3.685,0.696,True,True,1957.8,997637,CC1(C)c2ccccc2N(c2cc(N3c4ccccc4C(C)(C)c4ccccc43)cc(S(=O)(=O)c3ccc4c(c3)c3ccccc3n4-c3ccccc3)c2)c2ccccc21
β-DI-DBP,61,94,0.12,0.2730000000000001,3.808,2.856,0.952,True,True,1370.3,449426,c1ccc(-n2c3ccccc3c3c2c2c4ccccc4n(-c4ccc5nc6c7ccccc7c7ccccc7c6nc5c4)c2c2c4ccccc4n(-c4ccccc4)c32)cc1
TPD4PA,61,96,0.05,0.3930000000000002,3.99,3.415,0.575,True,True,1631.2,566483,c1ccc(N(c2ccccc2)c2cc3c4c(c2)N(c2ccccc2)c2cc5c6c(c2B4c2ccccc2N3c2ccccc2)Oc2ccccc2B6c2ccccc2O5)cc1
DTPTCzDP-CN,61,108,0.03,0.415,3.829,3.246,0.583,True,True,1861.2,614703,CC(C)(C)c1nc(-c2ccc(-n3c4ccc(N(c5ccccc5)c5ccccc5)cc4c4cc(N(c5ccccc5)c5ccccc5)ccc43)c(C#N)c2)nc(C(C)(C)C)n1
PIAnTPh,61,99,1.14,1.0179999999999998,3.824,2.186,1.638,True,True,1442.2,478282,c1ccc(-c2cc(-c3ccccc3)cc(-c3c4ccccc4c(-c4ccc(-c5nc6c7ccccc7c7ccccc7c6n5-c5ccccc5)cc4)c4ccccc34)c2)cc1
DPIBPZ-DPXZ,62,92,0.05,0.2640000000000002,3.602,2.792,0.81,True,True,1363.5,901234,c1ccc2c(c1)Oc1ccccc1N2c1ccc2c(c1)c1cc(N3c4ccccc4Oc4ccccc43)ccc1c1nc3cc(-c4cncnc4)c(-c4cncnc4)cc3nc21
CDBP-BP-PXZ,62,101,0.096,0.3619999999999996,4.061,3.342,0.719,True,True,1409.0,403573,Cc1cc(-n2c3ccccc3c3ccccc32)ccc1-c1ccc(-n2c3ccccc3c3cc(C(=O)c4ccc(N5c6ccccc6Oc6ccccc65)cc4)ccc32)cc1C
BPZPP,62,94,0.2,0.3050000000000001,3.712,2.731,0.981,True,True,1383.2,1036881,c1ccc(-c2cc3nc4c5ccc(N6c7ccccc7Oc7ccccc76)nc5c5nc(N6c7ccccc7Oc7ccccc76)ccc5c4nc3cc2-c2ccccc2)cc1
4CzIPN,62,94,0.0865,0.2120000000000002,3.852,3.24,0.612,True,True,1770.6,545581,N#Cc1c(-n2c3ccccc3c3ccccc32)c(C#N)c(-n2c3ccccc3c3ccccc32)c(-n2c3ccccc3c3ccccc32)c1-n1c2ccccc2c2ccccc21
MPPA,62,104,0.16,0.3570000000000002,3.509,2.987,0.522,True,True,1268.9,560533,COc1ccc(N(c2ccc(OC)cc2)c2ccc(-c3ccc4c(c3)C(=O)c3ccc(-c5ccc(N(c6ccc(OC)cc6)c6ccc(OC)cc6)cc5)cc3C4=O)cc2)cc1
TrisCz-Trz,63,99,0.065,0.2390000000000003,4.101,3.583,0.518,True,True,2361.5,809304,c1ccc(-n2c3ccccc3c3ccccc32)c(-c2nc(-c3ccccc3-n3c4ccccc4c4ccccc43)nc(-c3ccccc3-n3c4ccccc4c4ccccc43)n2)c1
TCzTrz,63,99,0.14,0.3080000000000003,4.328,3.446,0.882,True,True,2337.5,546044,c1ccc(-c2nc(-c3ccccc3)nc(-c3cc(-n4c5ccccc5c5ccccc54)c(-n4c5ccccc5c5ccccc54)c(-n4c5ccccc5c5ccccc54)c3)n2)cc1
PyIAnTPh,63,101,1.14,0.9620000000000002,3.816,2.185,1.631,True,True,1649.6,486519,c1ccc(-c2cc(-c3ccccc3)cc(-c3c4ccccc4c(-c4ccc(-c5nc6c7cccc8ccc9cccc(c9c87)c6n5-c5ccccc5)cc4)c4ccccc34)c2)cc1
CzDCbTrz,63,97,0.12,0.3029999999999999,4.31,3.44,0.87,True,True,2102.9,465627,c1ccc(-c2nc(-c3ccccc3)nc(-c3cc(-n4c5ccccc5c5ncccc54)c(-n4c5ccccc5c5ccccc54)c(-n4c5ccccc5c5ncccc54)c3)n2)cc1
BDPCC,63,102,0.11,0.4439999999999999,4.476,3.492,0.984,True,True,1643.8,666740,c1ccc(-c2ccc3[nH]c4c(-c5ccc6c([nH]c7ccccc76)c5-c5cc(-c6ccccc6)cc6c5[nH]c5ccc(-c7ccccc7)cc56)cc(-c5ccccc5)cc4c3c2)cc1
DMAC-Cz-TTR,63,104,0.066,0.4159999999999999,4.554,3.672,0.882,True,True,1778.0,416381,CC1(C)c2ccccc2N(c2ccc3c(c2)c2cc(N4c5ccccc5C(C)(C)c5ccccc54)ccc2n3-c2ccc3c(c2)S(=O)(=O)c2ccccc2S3(=O)=O)c2ccccc21
ANQDC-PSTA,63,92,0.08,0.173,3.172,2.684,0.488,True,True,1831.6,425522,N#Cc1cc2nc3c(nc2cc1C#N)-c1ccc(N2c4ccc(-c5ccccc5)cc4C4(c5ccccc5-c5ccccc54)c4ccc5c(sc6ccccc65)c42)c2cccc-3c12
TCPZ,63,101,0.14,0.72,2.995,1.871,1.124,True,True,1471.9,1223554,C1=C(c2cccc(-n3c4ccccc4c4ccccc43)c2)NN(c2cccc(-n3c4ccccc4c4ccccc43)c2)N=C1c1cccc(-n2c3ccccc3c3ccccc32)c1
PBICT,64,99,0.08,0.4060000000000001,4.321,3.346,0.975,True,True,2230.0,528671,c1ccc(-c2nc(-n3c4ccccc4c4ccc5c6ccccc6n(-c6ccccc6)c5c43)nc(-n3c4ccccc4c4ccc5c6ccccc6n(-c6ccccc6)c5c43)n2)cc1
DBQ-3PXZ,64,99,0.03,0.1920000000000001,3.638,3.047,0.591,True,True,1656.5,760848,c1ccc2c(c1)Oc1ccccc1N2c1ccc(-c2nc3ccc(N4c5ccccc5Oc5ccccc54)cc3nc2-c2ccc(N3c4ccccc4Oc4ccccc43)cc2)cc1
CDBP-BP-DMAC,64,109,0.043,0.2730000000000001,4.051,3.432,0.619,True,True,1629.6,454562,Cc1cc(-n2c3ccccc3c3ccccc32)ccc1-c1ccc(-n2c3ccccc3c3cc(C(=O)c4ccc(N5c6ccccc6C(C)(C)c6ccccc65)cc4)ccc32)cc1C
9CzFDBFSPO,65,105,0.12,0.4700000000000002,4.702,3.571,1.131,True,True,1371.8,564171,O=P(c1ccccc1)(c1ccccc1)c1cccc2c1oc1ccc(-c3ccc(C4(c5ccc(-n6c7ccccc7c7ccccc76)cc5)c5ccccc5-c5ccccc54)cc3)cc12
2CzTPEPCz,65,106,0.13,0.5690000000000004,4.168,2.937,1.231,True,True,2028.3,717341,C(=C(c1ccc(-n2c3ccccc3c3ccccc32)cc1)c1ccc(-n2c3ccccc3c3ccccc32)cc1)c1ccc(-c2ccc(-n3c4ccccc4c4ccccc43)cc2)cc1
DPACPhTPI,65,112,0.72,0.3860000000000001,4.359,3.251,1.108,True,True,1891.5,634277,CC(C)(C)c1ccc(-n2c(-c3ccc(-c4ccc(N5c6ccccc6C(c6ccccc6)(c6ccccc6)c6ccccc65)cc4)cc3)nc3c4ccccc4c4ccccc4c32)cc1
TPXZ-as-TAZ,66,102,0.22,0.2069999999999998,3.431,2.65,0.781,True,True,1597.3,803966,c1ccc2c(c1)Oc1ccccc1N2c1ccc(-c2nnc(-c3ccc(N4c5ccccc5Oc5ccccc54)cc3)c(-c3ccc(N4c5ccccc5Oc5ccccc54)cc3)n2)cc1
SPAC-FO,66,104,0.13,0.221,3.531,2.988,0.543,True,True,2055.1,333864,O=C1c2ccc(N3c4ccccc4C4(c5ccccc5-c5ccccc54)c4ccccc43)cc2-c2cc(N3c4ccccc4C4(c5ccccc5-c5ccccc54)c4ccccc43)ccc21
CZ-TRZ,66,108,0.15,0.4209999999999998,4.512,3.472,1.04,True,True,1523.2,427526,Cc1cc(-c2nc(-c3ccc(-n4c5ccccc5c5ccccc54)c(C)c3)nc(-c3ccc(-n4c5ccccc5c5ccccc54)c(C)c3)n2)ccc1-n1c2ccccc2c2ccccc21
TPXZ–as-TAZ,66,102,0.03,0.2139999999999999,3.431,2.65,0.781,True,True,1581.6,803950,c1ccc2c(c1)Oc1ccccc1N2c1ccc(-c2nnc(-c3ccc(N4c5ccccc5Oc5ccccc54)cc3)c(-c3ccc(N4c5ccccc5Oc5ccccc54)cc3)n2)cc1
SFAC-BP-SFAC,66,106,0.036,0.1259999999999999,3.977,3.382,0.595,True,True,2266.7,400452,O=C(c1ccc(N2c3ccccc3C3(c4ccccc4-c4ccccc43)c3ccccc32)cc1)c1ccc(N2c3ccccc3C3(c4ccccc4-c4ccccc43)c3ccccc32)cc1
BDAPM,66,110,0.06,0.4300000000000001,3.993,3.393,0.6,True,True,1803.5,433787,O=C(c1ccc(N2c3ccccc3[Si](c3ccccc3)(c3ccccc3)c3ccccc32)cc1)c1ccc(N2c3ccccc3[Si](c3ccccc3)(c3ccccc3)c3ccccc32)cc1
PFBP-2b,68,128,0.06,0.2810000000000001,4.107,3.659,0.448,True,True,2186.9,584153,CC(C)(C)c1ccc2c(c1)C(C)(C)c1cc(C(C)(C)C)ccc1N2c1c(F)c(F)c(-c2c(F)c(F)c(N3c4ccc(C(C)(C)C)cc4C(C)(C)c4cc(C(C)(C)C)ccc43)c(F)c2F)c(F)c1F
NAI–PhBiFA,68,114,0.12,0.5609999999999999,3.877,2.659,1.218,True,True,1649.2,641084,Cc1c(-c2ccccc2)cc(N2C(=O)c3cccc4c(-c5ccc(N(c6ccc(-c7ccccc7)cc6)c6ccc7c(c6)C(C)(C)c6ccccc6-7)cc5)ccc(c34)C2=O)cc1-c1ccccc1
2PCzBN-tPh,68,115,0.26,0.3199999999999998,4.24,3.495,0.745,True,True,2135.2,649076,CC(C)(C)c1ccc(-c2cc(-n3c4ccc(-c5ccccc5)cc4c4cc(-c5ccccc5)ccc43)c(C#N)c(-n3c4ccc(-c5ccccc5)cc4c4cc(-c5ccccc5)ccc43)c2)cc1
m2Cz2Trz,68,106,0.09,0.2559999999999998,4.027,3.353,0.674,True,True,2518.1,791512,c1ccc(-c2nc(-c3ccccc3)nc(-c3cc(-c4nc(-c5ccccc5)nc(-c5ccccc5)n4)c(-n4c5ccccc5c5ccccc54)cc3-n3c4ccccc4c4ccccc43)n2)cc1
SXAC-BP-SXAC,68,108,0.061,0.1340000000000003,3.972,3.378,0.594,True,True,2404.1,364369,O=C(c1ccc(N2c3ccccc3C3(c4ccccc4Oc4ccccc43)c3ccccc32)cc1)c1ccc(N2c3ccccc3C3(c4ccccc4Oc4ccccc43)c3ccccc32)cc1
STAC-BP-STAC,68,108,0.052,0.1379999999999999,3.974,3.379,0.595,True,True,2183.1,397452,O=C(c1ccc(N2c3ccccc3C3(c4ccccc4Sc4ccccc43)c3ccccc32)cc1)c1ccc(N2c3ccccc3C3(c4ccccc4Sc4ccccc43)c3ccccc32)cc1
TDBA-DI,68,116,0.11,0.4779999999999997,4.21,3.359,0.851,True,True,2061.6,869128,CC(C)(C)c1ccc2c(c1)B1c3cc(C(C)(C)C)ccc3Oc3cc(-n4c5ccccc5c5c6c(c7ccccc7n6-c6ccccc6)c6c(c7ccccc7n6-c6ccccc6)c54)cc(c31)O2
3DPA3CN,69,111,0.10300000000000001,0.3319999999999998,3.982,3.096,0.886,True,True,1555.1,949407,N#Cc1c(-c2ccc(N(c3ccccc3)c3ccccc3)cc2)c(C#N)c(-c2ccc(N(c3ccccc3)c3ccccc3)cc2)c(C#N)c1-c1ccc(N(c2ccccc2)c2ccccc2)cc1
AI-4Cz,69,106,0.02,0.2889999999999997,3.729,3.218,0.511,True,True,2375.4,521122,O=C1c2c(c(-n3c4ccccc4c4ccccc43)c(-n3c4ccccc4c4ccccc43)c(-n3c4ccccc4c4ccccc43)c2-n2c3ccccc3c3ccccc32)C(=O)N1c1ccccc1
3DMAC-BP-Br,71,121,0.04,0.0540000000000002,3.567,2.883,0.684,True,True,1839.6,461387,CC1(C)c2ccccc2N(c2ccc3c(c2)c2cc(N4c5ccccc5C(C)(C)c5ccccc54)ccc2c2nc4cc(N5c6ccccc6C(C)(C)c6ccccc65)c(Br)cc4nc32)c2ccccc21
BTPBFCz-D3,71,108,0.12,0.3919999999999999,4.201,3.468,0.733,True,True,2239.3,1024579,c1ccc(-c2nc(-c3ccc(-n4c5ccccc5c5ccc6c(c7ccccc7n6-c6ccccc6)c54)cc3-n3c4ccccc4c4c5oc6ccccc6c5ccc43)c3sc4ccccc4c3n2)cc1
3DMAC-BP-CN,72,122,0.02,0.4449999999999998,3.42,2.87,0.55,True,True,1916.8,464059,CC1(C)c2ccccc2N(c2ccc3c(c2)c2cc(N4c5ccccc5C(C)(C)c5ccccc54)ccc2c2nc4cc(N5c6ccccc6C(C)(C)c6ccccc65)c(C#N)cc4nc32)c2ccccc21
DDPhCz-DPPZ,72,112,0.16,0.3080000000000003,3.739,2.808,0.931,True,True,2339.2,1197643,c1ccc(-c2ccc3c(c2)c2cc(-c4ccccc4)ccc2n3-c2cc3nc4c5cccnc5c5ncccc5c4nc3cc2-n2c3ccc(-c4ccccc4)cc3c3cc(-c4ccccc4)ccc32)cc1
tBuCzDBA,72,144,0.052500000000000005,0.0629999999999997,3.791,3.167,0.624,True,True,2550.8,1341204,Cc1cc(-n2c3ccc(C(C)(C)C)cc3c3cc(C(C)(C)C)ccc32)cc(C)c1B1c2ccccc2B(c2c(C)cc(-n3c4ccc(C(C)(C)C)cc4c4cc(C(C)(C)C)ccc43)cc2C)c2ccccc21
2SPBAC-BP,74,118,0.22,0.5829999999999997,3.976,3.036,0.94,True,True,2596.9,443946,O=C(c1ccc(N2c3ccccc3C3(c4ccccc4-c4ccccc43)c3cc4ccccc4cc32)cc1)c1ccc(N2c3ccccc3C3(c4ccccc4-c4ccccc43)c3cc4ccccc4cc32)cc1
12BTCzTPN,76,112,0.05586,0.2789999999999999,3.656,3.179,0.477,True,True,2923.3,847308,N#Cc1c(-n2c3ccccc3c3ccccc32)c(-n2c3ccccc3c3ccc4c5ccccc5sc4c32)c(C#N)c(-n2c3ccccc3c3ccccc32)c1-n1c2ccccc2c2ccc3c4ccccc4sc3c21
Me2ACBO,77,129,0.05,0.431,4.196,3.488,0.708,True,True,2625.1,1395371,CC(C)(c1ccc2c(c1)B1c3ccc(N4c5ccccc5C(C)(C)c5ccccc54)cc3Oc3cccc(c31)O2)c1ccc2c(c1)B1c3ccc(N4c5ccccc5C(C)(C)c5ccccc54)cc3Oc3cccc(c31)O2
DV-3CzCN,77,127,0.23,0.3540000000000001,4.249,3.382,0.867,True,True,2344.2,1222590,C=Cc1ccc(COc2cccc3c2c2ccccc2n3-c2cc(-n3c4ccccc4c4c(OCc5ccc(C=C)cc5)cccc43)c(C#N)c(-n3c4ccccc4c4c(OCc5ccc(C=C)cc5)cccc43)c2)cc1
PO-TPA,79,137,0.2,0.601,2.808,1.65,1.158,True,True,2464.5,1621179,CC(C)(C)c1ccc(N(c2ccc(-c3cc4c(cc3C#N)=NC3c5ccc(P(=O)(c6ccccc6)c6ccccc6)nc5-c5nc(P(=O)(c6ccccc6)c6ccccc6)ccc5C3N=4)cc2)c2ccc(C(C)(C)C)cc2)cc1
PTPC,80,141,0.6355,0.3729999999999998,4.368,3.259,1.109,True,True,3137.3,773730,CC(C)(C)c1ccc2c(c1)c1cc(C(C)(C)C)ccc1n2-c1ccc(-c2ccc(-c3cc(-c4ccccc4)c(-c4ccc(-c5nc6c7ccccc7c7ccccc7c6n5-c5ccccc5)cc4)cc3-c3ccccc3)cc2)cc1
F2AcBO,87,141,0.07500000000000001,0.3980000000000001,4.179,3.495,0.684,True,True,3566.7,1663496,CC1(C)c2ccccc2N(c2ccc3c(c2)Oc2cccc4c2B3c2cc(C3(c5ccc6c(c5)B5c7ccc(N8c9ccccc9C(C)(C)c9ccccc98)cc7Oc7cccc(c75)O6)c5ccccc5-c5ccccc53)ccc2O4)c2ccccc21
4F-ν-DABNA,90,140,0.05,0.3529999999999997,3.855,3.35,0.505,True,True,4916.7,777321,Fc1cccc(F)c1N1c2cc3c(cc2B2c4ccccc4N(c4ccccc4)c4cc(N(c5ccccc5)c5ccccc5)cc1c42)B1c2ccccc2N(c2ccccc2)c2cc(N(c4ccccc4)c4ccccc4)cc(c21)N3c1c(F)cccc1F
DVCz-2CzCN,94,167,0.18,0.3900000000000001,4.225,3.4,0.825,True,True,5651.1,1352023,C=Cc1ccc(COc2cccc3c2c2ccccc2n3CCCCCCOc2cccc3c2c2ccccc2n3-c2cccc(-n3c4ccccc4c4c(OCCCCCCn5c6ccccc6c6c(OCc7ccc(C=C)cc7)cccc65)cccc43)c2C#N)cc1
m-ν-DABNA,94,164,0.07,0.3600000000000003,3.813,3.319,0.494,True,True,5485.4,1528108,Cc1cccc(N(c2cccc(C)c2)c2cc3c4c(c2)N(c2ccccc2)c2cc5c(cc2B4c2ccc(C)cc2N3c2cccc(C)c2)B2c3ccc(C)cc3N(c3cccc(C)c3)c3cc(N(c4cccc(C)c4)c4cccc(C)c4)cc(c32)N5c2ccccc2)c1
4F-m-ν-DABNA,98,164,0.07,0.3499999999999996,3.86,3.354,0.506,True,True,7514.2,1556374,Cc1cccc(N(c2cccc(C)c2)c2cc3c4c(c2)N(c2c(F)cccc2F)c2cc5c(cc2B4c2ccc(C)cc2N3c2cccc(C)c2)B2c3ccc(C)cc3N(c3cccc(C)c3)c3cc(N(c4cccc(C)c4)c4cccc(C)c4)cc(c32)N5c2c(F)cccc2F)c1
BPCP-2CPC,98,166,0.166,0.2839999999999998,4.07,3.276,0.794,True,True,7416.8,1209853,N#Cc1cc(-n2c3ccccc3c3cc(-c4ccc(C5(c6ccc(-n7c8ccccc8c8ccccc87)cc6)CCCCC5)cc4)ccc32)c(-n2c3ccccc3c3cc(-c4ccc(C5(c6ccc(-n7c8ccccc8c8ccccc87)cc6)CCCCC5)cc4)ccc32)cc1C#N
