molecule_id,SMILES_canonical,source,MW,MW.1,LogP,n_aromatic_rings,n_aromatic_rings.1,n_heteroatoms,n_heteroatoms.1,n_rotatable_bonds,n_rotatable_bonds.1,n_hbd,n_hba,tpsa,n_rings,n_atoms,predicted_delta_e,tadf_score,selected_for_detailed_calc
MOL_008464,CCOc1ccc([N+](=O)[O-])c2[nH]c3ccccc3c(=O)c12,PubChem_filtered,284.27,284.27,2.99,3.0,3,6.0,6,3.0,3,1,4,85.23,3,21,0.1146462857142857,0.9633842857142857,True
MOL_008463,CCOc1cccc2c(=O)c3cc([N+](=O)[O-])ccc3[nH]c12,PubChem_filtered,284.27,284.27,2.99,3.0,3,6.0,6,3.0,3,1,4,85.23,3,21,0.1146462857142857,0.9633842857142857,True
MOL_003099,O=[N+]([O-])c1ccc2nc3ccccc3cc2c1[N+](=O)[O-],PubChem_filtered,269.22,269.22,3.2,3.0,3,7.0,7,2.0,2,0,5,99.17,3,20,0.11586628571428564,0.9603342857142858,True
MOL_017864,CCN(CC)c1ccc(Nc2cc(C)nc3ncnn23)cc1,PubChem_filtered,296.38,296.38,3.02,3.0,3,6.0,6,5.0,5,1,5,58.35,3,22,0.11692228571428576,0.9576942857142856,True
MOL_009725,CN(C)c1ccc(NC(=O)c2ccc3nsnc3c2)cc1,PubChem_filtered,298.37,298.37,3.01,3.0,3,6.0,6,3.0,3,1,5,58.12,3,21,0.11706342857142854,0.9573414285714286,True
MOL_009810,CN(C)c1ccc(/[N+]([O-])=C/c2cccc3nsnc23)cc1,PubChem_filtered,298.37,298.37,3.02,3.0,3,6.0,6,3.0,3,0,5,55.09,3,21,0.11726342857142852,0.9568414285714286,True
MOL_010359,CN(C)c1ccc(/[N+]([O-])=C/c2ccc3nsnc3c2)cc1,PubChem_filtered,298.37,298.37,3.02,3.0,3,6.0,6,3.0,3,0,5,55.09,3,21,0.11726342857142852,0.9568414285714286,True
MOL_010358,CN(C)c1ccc([N+]([O-])=Cc2ccc3nsnc3c2)cc1,PubChem_filtered,298.37,298.37,3.02,3.0,3,6.0,6,3.0,3,0,5,55.09,3,21,0.11726342857142852,0.9568414285714286,True
MOL_005181,NCCCNc1c2ccccc2nc2cccc([N+](=O)[O-])c12,PubChem_filtered,296.33,296.33,3.06,3.0,3,6.0,6,5.0,5,2,5,94.08,3,22,0.11771371428571431,0.9557157142857142,True
MOL_009496,CN(C)c1nc(N)nc(N(c2ccccc2)c2ccccc2)n1,PubChem_filtered,306.37,306.37,2.99,3.0,3,6.0,6,4.0,4,1,6,71.17,3,23,0.11843485714285712,0.9539128571428571,True
MOL_002165,O=[N+]([O-])c1cccc2nc3ccccc3c(NCCCO)c12,PubChem_filtered,297.31,297.31,3.09,3.0,3,6.0,6,5.0,5,2,5,88.29,3,22,0.1184817142857143,0.9537957142857142,True
MOL_002538,Nc1c2cc([N+](=O)[O-])ccc2nc2ccc([N+](=O)[O-])cc12,PubChem_filtered,284.23,284.23,2.79,3.0,3,8.0,8,2.0,2,1,6,125.19,3,21,0.1186394285714285,0.9534014285714286,True
MOL_009493,N#Cc1nc(N)nc(N(c2ccccc2)c2ccccc2)n1,PubChem_filtered,288.31,288.31,2.8,3.0,3,6.0,6,3.0,3,1,6,91.72,3,22,0.1191388571428571,0.9521528571428572,True
MOL_021886,CCOc1nc(N(c2ccccc2)c2ccccc2)[nH]c(=O)n1,PubChem_filtered,308.34,308.34,3.03,3.0,3,6.0,6,5.0,5,1,5,71.11,3,23,0.1191725714285714,0.9520685714285715,True
MOL_004191,CN(C)c1ccc(Sc2ccc3nc(N)nc(N)c3c2)cc1,PubChem_filtered,311.41,311.41,3.01,3.0,3,6.0,6,3.0,3,2,6,81.06,3,22,0.1192988571428571,0.9517528571428572,True
MOL_006438,N#CC(=CNc1ccc(Nc2ccccc2)cc1)c1nn[nH]n1,PubChem_filtered,303.33,303.33,2.92,3.0,3,7.0,7,5.0,5,3,6,102.31,3,23,0.1193137142857143,0.9517157142857142,True
MOL_000216,CCOc1ccc2nc3cc([N+](=O)[O-])ccc3c(N)c2c1,PubChem_filtered,283.29,283.29,3.28,3.0,3,6.0,6,3.0,3,1,5,91.28,3,21,0.11987828571428572,0.9503042857142856,True
MOL_008441,COc1cccc2c(=O)c3cc([N+](=O)[O-])ccc3[nH]c12,PubChem_filtered,270.24,270.24,2.6,3.0,3,6.0,6,2.0,2,1,4,85.23,3,20,0.12004114285714285,0.9498971428571428,True
MOL_008440,COc1cc([N+](=O)[O-])c2[nH]c3ccccc3c(=O)c2c1,PubChem_filtered,270.24,270.24,2.6,3.0,3,6.0,6,2.0,2,1,4,85.23,3,20,0.12004114285714285,0.9498971428571428,True
MOL_000635,O=[N+]([O-])c1cccc2nc3ccccc3c(NCCO)c12,PubChem_filtered,283.29,283.29,2.7,3.0,3,6.0,6,4.0,4,2,5,88.29,3,21,0.12027828571428567,0.9493042857142857,True
MOL_005486,Cc1sc2nc3n(c(=O)c2c1C)N=CN(c1ccccc1)C3,PubChem_filtered,310.38,310.38,2.89,3.0,3,6.0,6,1.0,1,0,5,50.49,4,22,0.12112228571428574,0.9471942857142857,True
MOL_008495,COc1ccc2nc3cc([N+](=O)[O-])cc([N+](=O)[O-])c3cc2c1,PubChem_filtered,299.24,299.24,3.21,3.0,3,8.0,8,3.0,3,0,6,108.4,3,22,0.12121257142857139,0.9469685714285715,True
MOL_018962,CN(C)c1ccc(Nc2ncnc3cccc(C(=O)O)c23)cc1,PubChem_filtered,308.34,308.34,3.14,3.0,3,6.0,6,4.0,4,2,5,78.35,3,23,0.12137257142857139,0.9465685714285714,True
MOL_018964,CN(C)c1ccc(Nc2ncnc3cc(C(=O)O)ccc23)cc1,PubChem_filtered,308.34,308.34,3.14,3.0,3,6.0,6,4.0,4,2,5,78.35,3,23,0.12137257142857139,0.9465685714285714,True
MOL_021887,CCOc1nc(NN)nc(N(c2ccccc2)c2ccccc2)n1,PubChem_filtered,322.37,322.37,3.03,3.0,3,7.0,7,6.0,6,2,7,89.19,3,24,0.12157771428571429,0.9460557142857142,True
MOL_008523,Cc1cc2[nH]c3c([N+](=O)[O-])cc([N+](=O)[O-])cc3c(=O)c2cc1C,PubChem_filtered,313.27,313.27,3.11,3.0,3,8.0,8,2.0,2,1,5,119.14,3,23,0.12161771428571427,0.9459557142857142,True
MOL_009970,O=C1c2cccc([N+](=O)[O-])c2C(=O)N1c1cccc2cccnc12,PubChem_filtered,319.28,319.28,2.94,3.0,3,7.0,7,2.0,2,0,5,93.41,4,24,0.12164799999999998,0.94588,True
MOL_000243,CN(C)CCCn1c2ccccc2c(=O)c2c([N+](=O)[O-])cccc21,PubChem_filtered,325.37,325.37,3.01,3.0,3,6.0,6,5.0,5,0,4,68.38,3,24,0.12169199999999997,0.94577,True
MOL_004597,COc1ccc2c(=O)c3cc([N+](=O)[O-])ccc3n(C)c2c1,PubChem_filtered,284.27,284.27,2.61,3.0,3,6.0,6,2.0,2,0,4,74.37,3,21,0.1222462857142857,0.9443842857142857,True
MOL_004596,COc1cccc2c1c(=O)c1cc([N+](=O)[O-])ccc1n2C,PubChem_filtered,284.27,284.27,2.61,3.0,3,6.0,6,2.0,2,0,4,74.37,3,21,0.1222462857142857,0.9443842857142857,True
MOL_022138,CN(C)c1ccc(-c2n[nH]c(=S)n2N=Cc2ccccn2)cc1,PubChem_filtered,324.41,324.41,2.95,3.0,3,7.0,7,4.0,4,1,5,62.1,3,23,0.12232742857142853,0.9441814285714286,True
MOL_009213,CN(C)c1ccc(C=Nn2c(-c3cccnc3)n[nH]c2=S)cc1,PubChem_filtered,324.41,324.41,2.95,3.0,3,7.0,7,4.0,4,1,5,62.1,3,23,0.12232742857142853,0.9441814285714286,True
MOL_009212,CN(C)c1ccc(C=Nn2c(-c3ccncc3)n[nH]c2=S)cc1,PubChem_filtered,324.41,324.41,2.95,3.0,3,7.0,7,4.0,4,1,5,62.1,3,23,0.12232742857142853,0.9441814285714286,True
MOL_022137,CN(C)c1ccc(-c2n[nH]c(=S)n2N=Cc2ccncc2)cc1,PubChem_filtered,324.41,324.41,2.95,3.0,3,7.0,7,4.0,4,1,5,62.1,3,23,0.12232742857142853,0.9441814285714286,True
MOL_022136,CN(C)c1ccc(-c2n[nH]c(=S)n2N=Cc2cccnc2)cc1,PubChem_filtered,324.41,324.41,2.95,3.0,3,7.0,7,4.0,4,1,5,62.1,3,23,0.12232742857142853,0.9441814285714286,True
MOL_010464,CN(C)c1ccc(C=Nn2c(-c3ccccn3)n[nH]c2=S)cc1,PubChem_filtered,324.41,324.41,2.95,3.0,3,7.0,7,4.0,4,1,5,62.1,3,23,0.12232742857142853,0.9441814285714286,True
MOL_001867,Nc1c2ccccc2nc2cccc([N+](=O)[O-])c12,PubChem_filtered,239.23,239.23,2.88,3.0,3,5.0,5,1.0,1,1,4,82.05,3,18,0.12245847619047612,0.9438538095238096,True
MOL_001870,Nc1c2ccccc2nc2ccc([N+](=O)[O-])cc12,PubChem_filtered,239.23,239.23,2.88,3.0,3,5.0,5,1.0,1,1,4,82.05,3,18,0.12245847619047612,0.9438538095238096,True
MOL_000193,Nc1c2ccccc2nc2cc([N+](=O)[O-])ccc12,PubChem_filtered,239.23,239.23,2.88,3.0,3,5.0,5,1.0,1,1,4,82.05,3,18,0.12245847619047612,0.9438538095238096,True
MOL_005489,Cc1sc2nc3n(c(=O)c2c1C)N=CN(c1ccc(F)cc1)C3,PubChem_filtered,328.37,328.37,3.03,3.0,3,6.0,6,1.0,1,0,5,50.49,4,23,0.12260628571428567,0.9434842857142858,True
MOL_002181,O=C(O)CCNc1c2ccccc2nc2cccc([N+](=O)[O-])c12,PubChem_filtered,311.3,311.3,3.18,3.0,3,7.0,7,5.0,5,2,5,105.36,3,23,0.12267999999999996,0.9433,True
MOL_005023,Cl.O=[N+]([O-])c1cccc2nc3ccccc3c(NCCO)c12,PubChem_filtered,319.75,319.75,3.12,3.0,3,6.0,6,4.0,4,2,5,88.29,3,22,0.12292857142857139,0.9426785714285715,True
MOL_006294,O=NNc1ccc2cc3ccc(NN=O)cc3nc2c1,PubChem_filtered,267.25,267.25,3.57,3.0,3,7.0,7,4.0,4,2,5,95.81,3,20,0.12292857142857139,0.9426785714285715,True
MOL_006325,COc1ccc2[nH]c3c([N+](=O)[O-])ccc(Cl)c3c(=O)c2c1,PubChem_filtered,304.69,304.69,3.25,3.0,3,6.0,6,2.0,2,1,4,85.23,3,21,0.12294685714285714,0.9426328571428572,True
MOL_009106,N#Cc1nc(-c2ccco2)oc1N1CCN(c2ccccc2)CC1,PubChem_filtered,320.35,320.35,3.13,3.0,3,6.0,6,3.0,3,0,6,69.44,4,24,0.12323142857142855,0.9419214285714286,True
MOL_009935,O=C(Nc1ccc2nccnc2c1)N1CCN(c2ccccc2)CC1,PubChem_filtered,333.4,333.4,2.98,3.0,3,6.0,6,2.0,2,1,4,61.36,4,25,0.1232685714285714,0.9418285714285715,True
MOL_003093,Nc1c2ccc(Cl)cc2nc2ccc(OP(=O)(O)O)cc12,PubChem_filtered,324.66,324.66,3.1,3.0,3,6.0,6,2.0,2,3,4,105.67,3,21,0.12337028571428571,0.9415742857142857,True
MOL_009385,Cc1nc2ccccc2c2c1C(=O)N(c1ccc(C(=O)O)cc1)C2=O,PubChem_filtered,332.31,332.31,3.04,3.0,3,6.0,6,2.0,2,1,4,87.57,4,25,0.12348171428571425,0.9412957142857143,True
MOL_005263,COc1ccc2nc3cccc([N+](=O)[O-])c3c(NCCCO)c2c1,PubChem_filtered,327.34,327.34,3.1,3.0,3,7.0,7,6.0,6,2,6,97.52,3,24,0.12382971428571432,0.9404257142857142,True
MOL_009117,CN(C)c1cccc2c(S(=O)(=O)Nc3ccccn3)cccc12,PubChem_filtered,327.41,327.41,3.1,3.0,3,6.0,6,4.0,4,1,4,62.3,3,23,0.12384171428571428,0.9403957142857142,True
MOL_002539,CN(C)c1ccc(NS(=O)(=O)c2cccc3cccnc23)cc1,PubChem_filtered,327.41,327.41,3.1,3.0,3,6.0,6,4.0,4,1,4,62.3,3,23,0.12384171428571428,0.9403957142857142,True
MOL_010113,COc1cc(N2C(=O)c3ccccc3C2=O)c2ncccc2c1OC,PubChem_filtered,334.33,334.33,3.05,3.0,3,6.0,6,3.0,3,0,5,68.73,4,25,0.12402799999999997,0.93993,True
MOL_020937,Cc1noc2ncnc(N3CCN(c4cccc(Cl)c4)CC3)c12,PubChem_filtered,329.79,329.79,2.91,3.0,3,6.0,6,2.0,2,0,6,58.29,4,23,0.12404971428571426,0.9398757142857143,True
MOL_001877,CN(C)CCNc1c2ccccc2nc2c([N+](=O)[O-])cccc12,PubChem_filtered,310.36,310.36,3.27,3.0,3,6.0,6,5.0,5,1,5,71.3,3,23,0.12431885714285712,0.9392028571428571,True
MOL_001831,CN(C)CCNc1c2ccccc2nc2ccc([N+](=O)[O-])cc12,PubChem_filtered,310.36,310.36,3.27,3.0,3,6.0,6,5.0,5,1,5,71.3,3,23,0.12431885714285712,0.9392028571428571,True
MOL_001833,CN(C)CCNc1c2ccccc2nc2cc([N+](=O)[O-])ccc12,PubChem_filtered,310.36,310.36,3.27,3.0,3,6.0,6,5.0,5,1,5,71.3,3,23,0.12431885714285712,0.9392028571428571,True
MOL_002813,CN(C)CCNc1c2ccccc2nc2cccc([N+](=O)[O-])c12,PubChem_filtered,310.36,310.36,3.27,3.0,3,6.0,6,5.0,5,1,5,71.3,3,23,0.12431885714285712,0.9392028571428571,True
MOL_005142,CN(C)CCNc1ccc([N+](=O)[O-])c2nc3ccccc3c(N)c12,PubChem_filtered,325.37,325.37,2.85,3.0,3,7.0,7,5.0,5,2,6,97.32,3,24,0.12449199999999999,0.93877,True
MOL_003498,O=c1c2ccccc2[nH]c2cc([N+](=O)[O-])cc([N+](=O)[O-])c12,PubChem_filtered,285.22,285.22,2.5,3.0,3,8.0,8,2.0,2,1,5,119.14,3,21,0.12460914285714286,0.9384771428571428,True
MOL_006362,COc1ccc2nc3c([N+](=O)[O-])ccc4c3c(c2c1)NCCN4C,PubChem_filtered,324.34,324.34,3.17,3.0,3,7.0,7,2.0,2,1,6,80.53,4,24,0.12471542857142853,0.9382114285714286,True
MOL_009937,OCCN(C(=S)Nc1ccc2nccnc2c1)c1ccccc1,PubChem_filtered,324.41,324.41,2.83,3.0,3,6.0,6,4.0,4,2,4,61.28,3,23,0.12472742857142854,0.9381814285714286,True
MOL_021891,CCOc1nc(N)nc(N(c2ccccc2)c2ccccc2)n1,PubChem_filtered,307.36,307.36,3.32,3.0,3,6.0,6,5.0,5,1,6,77.16,3,23,0.12480457142857143,0.9379885714285714,True
MOL_009958,O=C(Nc1ccc2nsnc2c1)N1CCN(c2ccccc2)CC1,PubChem_filtered,339.42,339.42,3.05,3.0,3,7.0,7,2.0,2,1,5,61.36,4,24,0.12490057142857136,0.9377485714285715,True
MOL_004546,[N-]=[N+]=NCC(O)COc1c2ccccc2nc2ccccc12,PubChem_filtered,294.31,294.31,3.44,3.0,3,6.0,6,5.0,5,1,4,91.11,3,22,0.12496742857142856,0.9375814285714286,True
MOL_005268,COc1ccc2nc3cc([N+](=O)[O-])ccc3c(NCCO)c2c1,PubChem_filtered,313.31,313.31,2.71,3.0,3,7.0,7,5.0,5,2,6,97.52,3,23,0.1252245714285714,0.9369385714285714,True
MOL_005177,COc1ccc2nc3cccc([N+](=O)[O-])c3c(NCCO)c2c1,PubChem_filtered,313.31,313.31,2.71,3.0,3,7.0,7,5.0,5,2,6,97.52,3,23,0.1252245714285714,0.9369385714285714,True
MOL_004489,O=c1[nH]cnc(O)c1C=NN(c1ccccc1)c1ccccc1,PubChem_filtered,306.33,306.32,2.65,3.0,3,6.0,6,4.0,4,2,5,81.58,3,23,0.12522799999999995,0.93693,True
MOL_008519,CCOc1c(OC)c2c(c3c1c(=O)c1ccccc1n3C)OCO2,PubChem_filtered,327.34,327.34,2.83,3.0,3,6.0,6,3.0,3,0,5,58.92,4,24,0.12522971428571428,0.9369257142857143,True
MOL_008486,CCOc1c2c(c(OC)c3c1c(=O)c1ccccc1n3C)OCO2,PubChem_filtered,327.34,327.34,2.83,3.0,3,6.0,6,3.0,3,0,5,58.92,4,24,0.12522971428571428,0.9369257142857143,True
MOL_005101,C[N+](C)(O)CCNc1c2ccccc2nc2cccc([N+](=O)[O-])c12,PubChem_filtered,327.36,327.36,3.17,3.0,3,7.0,7,5.0,5,2,5,88.29,3,24,0.12523314285714282,0.9369171428571429,True
MOL_000042,CCN(C(C)=O)c1cccc(-c2ccnc3c(C#N)cnn23)c1,PubChem_filtered,305.34,305.34,2.64,3.0,3,6.0,6,3.0,3,0,4,74.29,3,23,0.12525828571428566,0.9368542857142858,True
MOL_002434,CNCCCNc1cccc2nc3cccc([N+](=O)[O-])c3cc12,PubChem_filtered,310.36,310.36,3.32,3.0,3,6.0,6,6.0,6,2,5,80.09,3,23,0.12531885714285718,0.9367028571428571,True
MOL_002021,CNCCCNc1c2ccccc2nc2cccc([N+](=O)[O-])c12,PubChem_filtered,310.36,310.36,3.32,3.0,3,6.0,6,6.0,6,2,5,80.09,3,23,0.12531885714285718,0.9367028571428571,True
MOL_008531,COc1cc(OC)c2[nH]c3cc(OC)c(OC)cc3c(=O)c2c1,PubChem_filtered,315.33,315.33,2.72,3.0,3,6.0,6,4.0,4,1,5,69.78,3,23,0.12537085714285712,0.9365728571428571,True
MOL_002609,COc1c(OC)c(OC)c2c(=O)c3ccccc3[nH]c2c1OC,PubChem_filtered,315.33,315.33,2.72,3.0,3,6.0,6,4.0,4,1,5,69.78,3,23,0.12537085714285712,0.9365728571428571,True
MOL_009934,O=C(Nc1ccc2nccnc2c1)N(CCO)c1ccccc1,PubChem_filtered,308.34,308.34,2.66,3.0,3,6.0,6,4.0,4,2,4,78.35,3,23,0.1253725714285714,0.9365685714285714,True
MOL_008405,O=C(O)c1cccc2c(=O)c3cc(Cl)cc(C(=O)O)c3[nH]c12,PubChem_filtered,317.68,317.68,2.73,3.0,3,6.0,6,2.0,2,3,3,107.46,3,22,0.1255737142857143,0.9360657142857143,True
MOL_006724,Cc1c(CN(C)c2cccc3c2CCCC3)cnc2nc(N)nc(N)c12,PubChem_filtered,348.45,348.45,3.01,3.0,3,6.0,6,3.0,3,2,6,93.95,4,26,0.1256485714285714,0.9358785714285714,True
MOL_009337,O=C(O)c1ccc2c(c1)C(=O)N(c1cccc3cccnc13)C2=O,PubChem_filtered,318.29,318.29,2.73,3.0,3,6.0,6,2.0,2,1,4,87.57,4,24,0.12567828571428574,0.9358042857142856,True
MOL_009591,COc1nc(OC)nc(N(c2ccccc2)c2ccccc2)n1,PubChem_filtered,308.34,308.34,3.36,3.0,3,6.0,6,5.0,5,0,6,60.37,3,23,0.12577257142857134,0.9355685714285715,True
MOL_010206,c1cncc(-c2nnc(-c3ccc(N4CCOCC4)cc3)o2)c1,PubChem_filtered,308.34,308.34,2.64,3.0,3,6.0,6,3.0,3,0,6,64.28,4,23,0.12577257142857134,0.9355685714285715,True
MOL_009913,Cc1ccc(/C=[N+](/[O-])c2ccc(N(C)C)cc2)c2nsnc12,PubChem_filtered,312.4,312.4,3.33,3.0,3,6.0,6,3.0,3,0,5,55.09,3,22,0.12586857142857144,0.9353285714285714,True
MOL_009914,Cc1ccc(/C=[N+](\[O-])c2ccc(N(C)C)cc2)c2nsnc12,PubChem_filtered,312.4,312.4,3.33,3.0,3,6.0,6,3.0,3,0,5,55.09,3,22,0.12586857142857144,0.9353285714285714,True
MOL_006144,COS(=O)(=O)O.C[n+]1c2ccccc2c(Cl)c2ccccc21,PubChem_filtered,340.81,340.81,2.91,3.0,3,6.0,6,1.0,1,1,3,67.48,3,22,0.12593885714285707,0.9351528571428572,True
MOL_005487,COc1ccc(N2C=Nn3c(nc4sc(C)c(C)c4c3=O)C2)cc1,PubChem_filtered,340.41,340.41,2.9,3.0,3,7.0,7,2.0,2,0,6,59.72,4,24,0.1260702857142857,0.9348242857142857,True
MOL_002527,Cc1cc2cc3cc([N+](=O)[O-])ccc3nc2cc1N,PubChem_filtered,253.26,253.26,3.19,3.0,3,5.0,5,1.0,1,1,4,82.05,3,19,0.126263619047619,0.9343409523809524,True
MOL_002266,COC(=O)NNc1c2ccccc2nc2ccccc12,PubChem_filtered,267.29,267.29,3.07,3.0,3,5.0,5,2.0,2,2,4,63.25,3,20,0.12626876190476188,0.9343280952380952,True
MOL_007085,Cc1c(CN(C)c2ccccc2Cl)cnc2nc(N)nc(N)c12,PubChem_filtered,328.81,328.81,2.79,3.0,3,6.0,6,3.0,3,2,6,93.95,3,23,0.12628171428571422,0.9342957142857143,True
MOL_007083,Cc1c(CN(C)c2ccc(Cl)cc2)cnc2nc(N)nc(N)c12,PubChem_filtered,328.81,328.81,2.79,3.0,3,6.0,6,3.0,3,2,6,93.95,3,23,0.12628171428571422,0.9342957142857143,True
MOL_015555,CCc1cc2c(=O)n(CC(=O)N3CCCc4ccccc43)cnc2s1,PubChem_filtered,353.45,353.45,3.0,3.0,3,6.0,6,3.0,3,0,4,55.2,4,25,0.12630571428571424,0.9342357142857143,True
MOL_005889,CC(=O)c1c(CN(C)c2ccccc2)n([O-])c2ccccc2[n+]1=O,PubChem_filtered,323.35,323.35,2.74,3.0,3,6.0,6,4.0,4,0,4,71.27,3,24,0.12634571428571428,0.9341357142857143,True
MOL_021218,CCc1nc2ccccn2c1N(C=O)c1ccc(N2CCOCC2)cc1,PubChem_filtered,350.42,350.42,3.03,3.0,3,6.0,6,5.0,5,0,4,50.08,4,26,0.12638628571428567,0.9340342857142857,True
MOL_005481,O=c1c2c3c(sc2nc2n1N=CN(c1ccccc1)C2)CCCC3,PubChem_filtered,336.42,336.42,3.15,3.0,3,6.0,6,1.0,1,0,5,50.49,5,24,0.12638628571428567,0.9340342857142857,True
MOL_009770,CCN(C(=O)CSc1nc2nc(C)cc(C)n2n1)c1ccccc1,PubChem_filtered,341.44,341.44,2.89,3.0,3,7.0,7,5.0,5,0,5,63.39,3,24,0.12644685714285708,0.9338828571428572,True
MOL_005719,CCS(=O)(=O)c1c2cc(OC)ccc2nc2ccc(OC)cc12,PubChem_filtered,331.39,331.39,3.2,3.0,3,6.0,6,4.0,4,0,5,65.49,3,23,0.12652399999999991,0.9336900000000001,True
MOL_000241,CN(C)CCn1c2ccccc2c(=O)c2c([N+](=O)[O-])cccc21,PubChem_filtered,311.34,311.34,2.62,3.0,3,6.0,6,4.0,4,0,4,68.38,3,23,0.12668685714285716,0.9332828571428571,True
MOL_013332,CCN1C(=O)c2cccc3c(S(=O)(=O)Nc4ccccn4)ccc1c23,PubChem_filtered,353.4,353.4,3.02,3.0,3,7.0,7,4.0,4,1,4,79.37,4,25,0.12669714285714284,0.9332571428571428,True
MOL_005271,COC(=O)CCNc1c2ccccc2nc2cccc([N+](=O)[O-])c12,PubChem_filtered,325.32,325.32,3.27,3.0,3,7.0,7,5.0,5,1,6,94.36,3,24,0.1268834285714286,0.9327914285714285,True
MOL_009658,Cc1cc(Nc2ccc(N(C)C)cc2)n2ncnc2n1,PubChem_filtered,268.32,268.32,2.24,3.0,3,6.0,6,3.0,3,1,5,58.35,3,20,0.12691199999999997,0.93272,True
MOL_008547,CCOc1c(OC)c(OC)c(OC)c2c(=O)c3ccccc3n(C)c12,PubChem_filtered,343.38,343.38,3.12,3.0,3,6.0,6,5.0,5,0,5,58.92,3,25,0.12697942857142852,0.9325514285714287,True
MOL_008546,CCOc1c(OC)c(OC)c(OC)c2c1c(=O)c1ccccc1n2C,PubChem_filtered,343.38,343.38,3.12,3.0,3,6.0,6,5.0,5,0,5,58.92,3,25,0.12697942857142852,0.9325514285714287,True
MOL_009726,COc1ccc(N(C)C(=O)Nc2ccc3nsnc3c2)cc1,PubChem_filtered,314.37,314.37,3.37,3.0,3,7.0,7,3.0,3,1,5,67.35,3,22,0.12700628571428568,0.9324842857142858,True
MOL_010798,O=C(Nc1cccc(N2C(=O)c3ccccc3C2=O)c1)c1cccnc1,PubChem_filtered,343.34,343.34,3.13,3.0,3,6.0,6,3.0,3,1,4,79.37,4,26,0.1271725714285714,0.9320685714285714,True
MOL_013375,O=C(Nc1ccccn1)c1ccc2c(c1)C(=O)N(c1ccccc1)C2=O,PubChem_filtered,343.34,343.34,3.13,3.0,3,6.0,6,3.0,3,1,4,79.37,4,26,0.1271725714285714,0.9320685714285714,True
MOL_010440,O=C(Nc1ccc(N2C(=O)c3ccccc3C2=O)cc1)c1cccnc1,PubChem_filtered,343.34,343.34,3.13,3.0,3,6.0,6,3.0,3,1,4,79.37,4,26,0.1271725714285714,0.9320685714285714,True
MOL_010797,O=C(Nc1cccc2c1C(=O)N(c1ccccc1)C2=O)c1cccnc1,PubChem_filtered,343.34,343.34,3.13,3.0,3,6.0,6,3.0,3,1,4,79.37,4,26,0.1271725714285714,0.9320685714285714,True
MOL_004684,COc1cc(OC)c2c(=O)c3ccc([N+](=O)[O-])cc3n(C)c2c1,PubChem_filtered,314.3,314.3,2.62,3.0,3,7.0,7,3.0,3,0,5,83.6,3,23,0.1271942857142857,0.9320142857142857,True
MOL_004685,COc1cc(OC)c2c(=O)c3cccc([N+](=O)[O-])c3n(C)c2c1,PubChem_filtered,314.3,314.3,2.62,3.0,3,7.0,7,3.0,3,0,5,83.6,3,23,0.1271942857142857,0.9320142857142857,True
MOL_005044,COc1cc(OC)c2c(=O)c3c([N+](=O)[O-])cccc3n(C)c2c1,PubChem_filtered,314.3,314.3,2.62,3.0,3,7.0,7,3.0,3,0,5,83.6,3,23,0.1271942857142857,0.9320142857142857,True
MOL_008935,Cc1cc(N2CCN(c3ccccc3)CC2)nc(-n2nc(C)cc2C)n1,PubChem_filtered,348.45,348.45,2.91,3.0,3,6.0,6,3.0,3,0,5,50.08,4,26,0.12724857142857138,0.9318785714285714,True
MOL_004387,CCc1nc(N)nc(N)c1-c1ccc(N(C)Cc2ccccc2)c(N)c1,PubChem_filtered,348.45,348.45,3.09,3.0,3,6.0,6,5.0,5,3,6,107.08,3,26,0.12724857142857138,0.9318785714285714,True
MOL_015554,Cc1sc2ncn(CC(=O)N3CCCc4ccccc43)c(=O)c2c1C,PubChem_filtered,353.45,353.45,3.05,3.0,3,6.0,6,2.0,2,0,4,55.2,4,25,0.1273057142857143,0.9317357142857142,True
MOL_009727,CN(C)c1ccc(NC(=O)Nc2ccc3nsnc3c2)cc1,PubChem_filtered,313.39,313.39,3.4,3.0,3,7.0,7,3.0,3,2,5,70.15,3,22,0.12743828571428573,0.9314042857142857,True
MOL_010212,CN(C)c1ccc(-c2nnc(-c3cccnc3)o2)cc1,PubChem_filtered,266.3,266.3,2.86,3.0,3,5.0,5,3.0,3,0,5,55.05,3,20,0.12749904761904762,0.9312523809523809,True
MOL_009714,Cc1cc(Nc2ccc(N3CCCCC3)cc2)n2nnnc2n1,PubChem_filtered,309.38,309.38,2.56,3.0,3,7.0,7,3.0,3,1,6,71.24,4,23,0.12755085714285713,0.9311228571428571,True
MOL_007687,COc1cc(OC)c2c(=O)c3ccc(OC)c(OC)c3n(C)c2c1,PubChem_filtered,329.35,329.35,2.73,3.0,3,6.0,6,4.0,4,0,5,58.92,3,24,0.1275742857142857,0.9310642857142857,True
MOL_001238,COc1c(OC)c(OC)c2c(c1OC)c(=O)c1ccccc1n2C,PubChem_filtered,329.35,329.35,2.73,3.0,3,6.0,6,4.0,4,0,5,58.92,3,24,0.1275742857142857,0.9310642857142857,True
MOL_008130,COc1cc(NC(C)=O)c2ncccc2c1N1C(=O)c2ccccc2C1=O,PubChem_filtered,361.36,361.36,3.0,3.0,3,7.0,7,3.0,3,1,5,88.6,4,27,0.12766171428571427,0.9308457142857143,True
MOL_010846,O=C(Nc1cccc2cccnc12)c1cccc(N2C(=O)CCC2=O)c1,PubChem_filtered,345.36,345.36,3.14,3.0,3,6.0,6,3.0,3,1,4,79.37,4,26,0.12771885714285713,0.930702857142857,True
MOL_005590,CCC(C)C(NC(=O)c1cccc2c(=O)c3ccccc3[nH]c12)C(=O)O,PubChem_filtered,352.39,352.39,2.91,3.0,3,6.0,6,5.0,5,3,3,99.26,3,26,0.12792399999999998,0.93019,True
MOL_014367,Nc1cc(N)nc(SCC(=O)N(c2ccccc2)c2ccccc2)n1,PubChem_filtered,351.44,351.44,3.1,3.0,3,7.0,7,5.0,5,2,6,98.13,3,25,0.12796114285714288,0.9300971428571427,True
MOL_021217,Cc1nc2ccccn2c1N(C=O)c1ccc(N2CCOCC2)cc1,PubChem_filtered,336.4,336.4,2.77,3.0,3,6.0,6,4.0,4,0,4,50.08,4,25,0.12798285714285712,0.9300428571428572,True
MOL_005178,COc1ccc2nc3cccc([N+](=O)[O-])c3c(NCCC(=O)O)c2c1,PubChem_filtered,341.32,341.32,3.19,3.0,3,8.0,8,6.0,6,2,6,114.59,3,25,0.1280262857142857,0.9299342857142857,True
MOL_001902,COS(=O)(=O)[O-].C[n+]1c2ccccc2c(N=[N+]=[N-])c2ccccc21,PubChem_filtered,346.37,346.37,2.85,3.0,3,9.0,9,2.0,2,0,5,119.07,3,24,0.12809199999999998,0.92977,True
MOL_002319,COS(=O)(=O)[O-].C[n+]1c2ccccc2cc2ccc(N=[N+]=[N-])cc21,PubChem_filtered,346.37,346.37,2.85,3.0,3,9.0,9,2.0,2,0,5,119.07,3,24,0.12809199999999998,0.92977,True
MOL_019469,COc1ccc(N(Cc2cc3cc(OC)ccc3[nH]c2=O)C(C)=O)cc1,PubChem_filtered,352.39,352.39,3.1,3.0,3,6.0,6,5.0,5,1,4,71.63,3,26,0.12812400000000002,0.9296899999999999,True
MOL_019442,COc1cccc(N(Cc2cc3cc(OC)ccc3[nH]c2=O)C(C)=O)c1,PubChem_filtered,352.39,352.39,3.1,3.0,3,6.0,6,5.0,5,1,4,71.63,3,26,0.12812400000000002,0.9296899999999999,True
MOL_019436,COc1ccc(N(Cc2cc3ccc(OC)cc3[nH]c2=O)C(C)=O)cc1,PubChem_filtered,352.39,352.39,3.1,3.0,3,6.0,6,5.0,5,1,4,71.63,3,26,0.12812400000000002,0.9296899999999999,True
MOL_003604,Nc1ncnc2nc(-c3ccc(N(CCCl)CCCl)cc3)[nH]c12,PubChem_filtered,351.24,351.24,2.89,3.0,3,6.0,6,6.0,6,2,5,83.72,3,23,0.1281268571428571,0.9296828571428571,True
MOL_015772,N#Cc1nc(N2CCOCC2)nc(N(c2ccccc2)c2ccccc2)n1,PubChem_filtered,358.41,358.41,3.05,3.0,3,7.0,7,4.0,4,0,7,78.17,4,27,0.128156,0.9296099999999999,True
MOL_006804,CN(Cc1ccc2nc(N)nc(N)c2n1)c1ccc(Cl)c(Cl)c1,PubChem_filtered,349.22,349.23,3.13,3.0,3,6.0,6,3.0,3,2,6,93.95,3,23,0.12818057142857137,0.9295485714285715,True
MOL_006808,CN(Cc1ccc2nc(N)nc(N)c2n1)c1cc(Cl)ccc1Cl,PubChem_filtered,349.22,349.23,3.13,3.0,3,6.0,6,3.0,3,2,6,93.95,3,23,0.12818057142857137,0.9295485714285715,True
MOL_006807,CN(Cc1ccc2nc(N)nc(N)c2n1)c1ccc(Cl)cc1Cl,PubChem_filtered,349.22,349.23,3.13,3.0,3,6.0,6,3.0,3,2,6,93.95,3,23,0.12818057142857137,0.9295485714285715,True
MOL_006810,CN(Cc1ccc2nc(N)nc(N)c2n1)c1c(Cl)cccc1Cl,PubChem_filtered,349.22,349.23,3.13,3.0,3,6.0,6,3.0,3,2,6,93.95,3,23,0.12818057142857137,0.9295485714285715,True
MOL_008082,CN(Cc1cnc2nc(N)nc(N)c2c1)c1ccc(Cl)c(Cl)c1,PubChem_filtered,349.22,349.23,3.13,3.0,3,6.0,6,3.0,3,2,6,93.95,3,23,0.12818057142857137,0.9295485714285715,True
MOL_014252,CCN(CC)c1ccc(NC(=O)Cn2cnc3ccccc3c2=O)cc1,PubChem_filtered,350.42,350.42,2.88,3.0,3,6.0,6,6.0,6,1,4,67.23,3,26,0.1281862857142857,0.9295342857142856,True
MOL_010070,O=C(Nc1ccc(N2C(=O)c3cccnc3C2=O)cc1)c1ccco1,PubChem_filtered,333.3,333.3,2.73,3.0,3,7.0,7,3.0,3,1,5,92.51,4,25,0.12825142857142857,0.9293714285714285,True
MOL_000214,CN(C)CCCN=c1c2ccccc2n(O)c2cccc([N+](=O)[O-])c12,PubChem_filtered,340.38,340.38,2.79,3.0,3,7.0,7,5.0,5,1,5,83.9,3,25,0.12826514285714286,0.9293371428571429,True
MOL_006326,C.C.CC(NCc1c2ccccc2nc2ccccc12)C(=O)O.CN.O,PubChem_filtered,361.49,361.49,2.97,3.0,3,6.0,6,4.0,4,3,4,119.74,3,26,0.128284,0.92929,True
MOL_008682,Cn1c(SCC(=O)N2CCc3ccccc32)nc2cccnc21,PubChem_filtered,324.41,324.41,2.65,3.0,3,6.0,6,3.0,3,0,4,51.02,4,23,0.12832742857142854,0.9291814285714286,True
MOL_000410,Nc1ccc2cc3cc(S(=O)(=O)O)ccc3nc2c1,PubChem_filtered,274.3,274.3,2.22,3.0,3,6.0,6,1.0,1,2,4,93.28,3,19,0.12833714285714282,0.9291571428571429,True
MOL_000847,COc1c2c(c(OC)c3c(=O)c4ccccc4[nH]c13)OCO2,PubChem_filtered,299.28,299.28,2.43,3.0,3,6.0,6,2.0,2,1,5,69.78,4,22,0.12841942857142852,0.9289514285714287,True
MOL_001193,O=c1c2ccccc2[nH]c2cccc([N+](=O)[O-])c12,PubChem_filtered,240.22,240.22,2.59,3.0,3,5.0,5,1.0,1,1,3,76.0,3,18,0.12842819047619047,0.9289295238095238,True
MOL_001165,O=c1c2ccccc2[nH]c2ccc([N+](=O)[O-])cc12,PubChem_filtered,240.22,240.22,2.59,3.0,3,5.0,5,1.0,1,1,3,76.0,3,18,0.12842819047619047,0.9289295238095238,True
MOL_003499,O=c1c2ccccc2[nH]c2c([N+](=O)[O-])cccc12,PubChem_filtered,240.22,240.22,2.59,3.0,3,5.0,5,1.0,1,1,3,76.0,3,18,0.12842819047619047,0.9289295238095238,True
MOL_001164,O=c1c2ccccc2[nH]c2cc([N+](=O)[O-])ccc12,PubChem_filtered,240.22,240.22,2.59,3.0,3,5.0,5,1.0,1,1,3,76.0,3,18,0.12842819047619047,0.9289295238095238,True
MOL_010743,O=C(Nc1nc2ccc(N3CCOCC3)cc2s1)c1cccnc1,PubChem_filtered,340.41,340.41,2.78,3.0,3,7.0,7,3.0,3,1,6,67.35,4,24,0.1284702857142857,0.9288242857142857,True
MOL_005112,CC(=O)Oc1cc(OC(C)=O)c2c(=O)c3ccccc3[nH]c2c1,PubChem_filtered,311.29,311.29,2.53,3.0,3,6.0,6,2.0,2,1,5,85.46,3,23,0.12847828571428566,0.9288042857142857,True
MOL_005735,C=CS(=O)(=O)c1c2cc(OC)ccc2nc2ccc(OC)cc12,PubChem_filtered,329.38,329.38,3.32,3.0,3,6.0,6,4.0,4,0,5,65.49,3,23,0.1285794285714285,0.9285514285714287,True
MOL_009074,COc1ccc(N2CCN(c3oc(-c4ccco4)nc3C#N)CC2)cc1,PubChem_filtered,350.38,350.38,3.14,3.0,3,7.0,7,4.0,4,0,7,78.67,4,26,0.12857942857142857,0.9285514285714285,True
MOL_016996,CCN(CC)c1ccc(O)c(C=Nn2c(C)nc3ccccc3c2=O)c1,PubChem_filtered,350.42,350.42,3.14,3.0,3,6.0,6,5.0,5,1,5,70.72,3,26,0.12858628571428565,0.9285342857142858,True
MOL_008398,COc1cc([N+](=O)[O-])c2nc3ccccc3cc2c1,PubChem_filtered,254.24,254.25,3.3,3.0,3,5.0,5,2.0,2,0,4,65.26,3,19,0.128631619047619,0.9284209523809525,True
MOL_009055,CCOC(=O)c1ccc(N2C(=O)c3n[nH]c(C)c3C2c2cccnc2)cc1,PubChem_filtered,362.39,362.39,3.04,3.0,3,7.0,7,4.0,4,1,5,88.18,4,27,0.12863828571428565,0.9284042857142858,True
MOL_018758,CCOC(=O)c1ccc(N2C(=O)c3n[nH]c(C)c3[C@@H]2c2ccccn2)cc1,PubChem_filtered,362.39,362.39,3.04,3.0,3,7.0,7,4.0,4,1,5,88.18,4,27,0.12863828571428565,0.9284042857142858,True
MOL_018759,CCOC(=O)c1ccc(N2C(=O)c3n[nH]c(C)c3[C@H]2c2ccccn2)cc1,PubChem_filtered,362.39,362.39,3.04,3.0,3,7.0,7,4.0,4,1,5,88.18,4,27,0.12863828571428565,0.9284042857142858,True
MOL_018767,CCOC(=O)c1ccc(N2C(=O)c3n[nH]c(C)c3[C@@H]2c2cccnc2)cc1,PubChem_filtered,362.39,362.39,3.04,3.0,3,7.0,7,4.0,4,1,5,88.18,4,27,0.12863828571428565,0.9284042857142858,True
MOL_018768,CCOC(=O)c1ccc(N2C(=O)c3n[nH]c(C)c3[C@H]2c2cccnc2)cc1,PubChem_filtered,362.39,362.39,3.04,3.0,3,7.0,7,4.0,4,1,5,88.18,4,27,0.12863828571428565,0.9284042857142858,True
MOL_008435,O=C(O)c1cccc2c(=O)c3cccc([N+](=O)[O-])c3[nH]c12,PubChem_filtered,284.23,284.23,2.29,3.0,3,7.0,7,2.0,2,2,4,113.3,3,21,0.12863942857142852,0.9284014285714286,True
MOL_008133,O=C(O)c1cccc2c(=O)c3cc([N+](=O)[O-])ccc3[nH]c12,PubChem_filtered,284.23,284.23,2.29,3.0,3,7.0,7,2.0,2,2,4,113.3,3,21,0.12863942857142852,0.9284014285714286,True
MOL_004737,O=C(O)c1ccc([N+](=O)[O-])c2c(=O)c3ccccc3[nH]c12,PubChem_filtered,284.23,284.23,2.29,3.0,3,7.0,7,2.0,2,2,4,113.3,3,21,0.12863942857142852,0.9284014285714286,True
MOL_002169,O=[N+]([O-])c1cccc2nc3ccccc3c(NCCCCO)c12,PubChem_filtered,311.34,311.34,3.48,3.0,3,6.0,6,6.0,6,2,5,88.29,3,23,0.1286868571428571,0.9282828571428572,True
MOL_002167,CCC(CO)Nc1c2ccccc2nc2cccc([N+](=O)[O-])c12,PubChem_filtered,311.34,311.34,3.48,3.0,3,6.0,6,5.0,5,2,5,88.29,3,23,0.1286868571428571,0.9282828571428572,True
MOL_005144,CN(C)CCCNc1ccc([N+](=O)[O-])c2nc3ccccc3c(N)c12,PubChem_filtered,339.4,339.4,3.24,3.0,3,7.0,7,6.0,6,2,6,97.32,3,25,0.12869714285714284,0.9282571428571429,True
MOL_002603,C[n+]1c2cc(N)ccc2cc2ccc(N=[N+]=[N-])cc21,PubChem_filtered,250.28,250.29,3.34,3.0,3,5.0,5,1.0,1,1,2,78.66,3,19,0.12875276190476193,0.9281180952380952,True
MOL_002594,C[n+]1c2ccccc2c(N)c2ccc(N=[N+]=[N-])cc21,PubChem_filtered,250.28,250.28,3.34,3.0,3,5.0,5,1.0,1,1,2,78.66,3,19,0.12875276190476193,0.9281180952380952,True
MOL_008914,Cc1ccn2cc(C(=O)Nc3ccccc3N3CCOCC3)nc2c1,PubChem_filtered,336.4,336.4,2.73,3.0,3,6.0,6,3.0,3,1,4,58.87,4,25,0.1287828571428571,0.9280428571428572,True
MOL_015825,CN(C)c1ccc([C@H]2C(C#N)=C(N)Oc3c2c(=O)oc2ccccc32)cc1,PubChem_filtered,359.38,359.39,3.08,3.0,3,6.0,6,2.0,2,1,6,92.49,4,27,0.12892228571428566,0.9276942857142858,True
MOL_015824,CN(C)c1ccc([C@@H]2C(C#N)=C(N)Oc3c2c(=O)oc2ccccc32)cc1,PubChem_filtered,359.38,359.39,3.08,3.0,3,6.0,6,2.0,2,1,6,92.49,4,27,0.12892228571428566,0.9276942857142858,True
MOL_019488,COCC(=O)N(Cc1cc2cccc(C)c2[nH]c1=O)c1ccccc1OC,PubChem_filtered,366.42,366.42,3.02,3.0,3,6.0,6,6.0,6,1,4,71.63,3,27,0.12892914285714285,0.9276771428571429,True
MOL_018694,COCC(=O)N(Cc1cc2cc(OC)ccc2[nH]c1=O)c1ccccc1C,PubChem_filtered,366.42,366.42,3.02,3.0,3,6.0,6,6.0,6,1,4,71.63,3,27,0.12892914285714285,0.9276771428571429,True
MOL_019474,COCC(=O)N(Cc1cc2ccc(OC)cc2[nH]c1=O)c1ccccc1C,PubChem_filtered,366.42,366.42,3.02,3.0,3,6.0,6,6.0,6,1,4,71.63,3,27,0.12892914285714285,0.9276771428571429,True
MOL_009066,COCC(=O)N(Cc1cc2ccc(C)cc2[nH]c1=O)c1ccc(OC)cc1,PubChem_filtered,366.42,366.42,3.02,3.0,3,6.0,6,6.0,6,1,4,71.63,3,27,0.12892914285714285,0.9276771428571429,True
MOL_018567,COCC(=O)N(Cc1cc2ccc(OC)cc2[nH]c1=O)c1ccc(C)cc1,PubChem_filtered,366.42,366.42,3.02,3.0,3,6.0,6,6.0,6,1,4,71.63,3,27,0.12892914285714285,0.9276771428571429,True
MOL_019464,COCC(=O)N(Cc1cc2ccc(C)cc2[nH]c1=O)c1ccccc1OC,PubChem_filtered,366.42,366.42,3.02,3.0,3,6.0,6,6.0,6,1,4,71.63,3,27,0.12892914285714285,0.9276771428571429,True
MOL_019358,COCC(=O)N(Cc1cc2cccc(C)c2[nH]c1=O)c1cccc(OC)c1,PubChem_filtered,366.42,366.42,3.02,3.0,3,6.0,6,6.0,6,1,4,71.63,3,27,0.12892914285714285,0.9276771428571429,True
MOL_019481,COCC(=O)N(Cc1cc2ccc(C)cc2[nH]c1=O)c1cccc(OC)c1,PubChem_filtered,366.42,366.42,3.02,3.0,3,6.0,6,6.0,6,1,4,71.63,3,27,0.12892914285714285,0.9276771428571429,True
MOL_019443,COCC(=O)N(Cc1cc2cc(C)ccc2[nH]c1=O)c1ccc(OC)cc1,PubChem_filtered,366.42,366.42,3.02,3.0,3,6.0,6,6.0,6,1,4,71.63,3,27,0.12892914285714285,0.9276771428571429,True
MOL_019477,COCC(=O)N(Cc1cc2cc(C)ccc2[nH]c1=O)c1cccc(OC)c1,PubChem_filtered,366.42,366.42,3.02,3.0,3,6.0,6,6.0,6,1,4,71.63,3,27,0.12892914285714285,0.9276771428571429,True
MOL_009128,COCC(=O)N(Cc1cc2cc(OC)ccc2[nH]c1=O)c1ccc(C)cc1,PubChem_filtered,366.42,366.42,3.02,3.0,3,6.0,6,6.0,6,1,4,71.63,3,27,0.12892914285714285,0.9276771428571429,True
MOL_021223,CC(=O)N(c1ccc(N2CCOCC2)cc1)c1c(C)nc2ccccn12,PubChem_filtered,350.42,350.42,3.16,3.0,3,6.0,6,3.0,3,0,4,50.08,4,26,0.12898628571428572,0.9275342857142856,True
MOL_006116,COS(=O)(=O)O.C[n+]1c2ccccc2cc2ccc(N=[N+]=[N-])cc21,PubChem_filtered,347.38,347.38,3.19,3.0,3,9.0,9,2.0,2,1,4,116.24,3,24,0.12906514285714282,0.9273371428571429,True
MOL_006143,COS(=O)(=O)O.C[n+]1c2ccccc2c(N=[N+]=[N-])c2ccccc21,PubChem_filtered,347.38,347.38,3.19,3.0,3,9.0,9,2.0,2,1,4,116.24,3,24,0.12906514285714282,0.9273371428571429,True
MOL_020643,CN(C)c1cccc(-c2nnc(SCc3ccncc3)o2)c1,PubChem_filtered,312.4,312.4,3.49,3.0,3,6.0,6,5.0,5,0,6,55.05,3,22,0.12906857142857142,0.9273285714285714,True
MOL_020644,CN(C)c1cccc(-c2nnc(SCc3cccnc3)o2)c1,PubChem_filtered,312.4,312.4,3.49,3.0,3,6.0,6,5.0,5,0,6,55.05,3,22,0.12906857142857142,0.9273285714285714,True
MOL_020645,CN(C)c1ccc(-c2nnc(SCc3cccnc3)o2)cc1,PubChem_filtered,312.4,312.4,3.49,3.0,3,6.0,6,5.0,5,0,6,55.05,3,22,0.12906857142857142,0.9273285714285714,True
MOL_001088,Nc1ccc(O)c2c1C(=O)c1c(Nc3ccccc3)ccc(O)c1C2=O,PubChem_filtered,346.34,346.34,3.2,3.0,3,6.0,6,2.0,2,4,6,112.65,4,26,0.12908685714285717,0.9272828571428571,True
MOL_000968,Nc1ccc(O)c2c1C(=O)c1c(O)ccc(Nc3ccccc3)c1C2=O,PubChem_filtered,346.34,346.34,3.2,3.0,3,6.0,6,2.0,2,4,6,112.65,4,26,0.12908685714285717,0.9272828571428571,True
MOL_014278,CCn1c(SCC(=O)N2CCc3ccccc32)nnc1-c1cccnc1,PubChem_filtered,365.46,365.46,3.04,3.0,3,7.0,7,5.0,5,0,5,63.91,4,26,0.1291645714285714,0.9270885714285715,True
MOL_017278,CCn1c(SCC(=O)N2CCc3ccccc32)nnc1-c1ccncc1,PubChem_filtered,365.46,365.46,3.04,3.0,3,7.0,7,5.0,5,0,5,63.91,4,26,0.1291645714285714,0.9270885714285715,True
MOL_008727,Cc1cc(Nc2ccc(N3CCC(C)CC3)cc2)n2ncnc2n1,PubChem_filtered,322.42,322.42,3.41,3.0,3,6.0,6,3.0,3,1,5,58.35,4,24,0.1291862857142857,0.9270342857142857,True
MOL_002977,O=C(O)c1c2ccccc2nc2c(C(=O)O)cccc12,PubChem_filtered,267.24,267.24,2.78,3.0,3,5.0,5,2.0,2,2,3,87.49,3,20,0.12926019047619047,0.9268495238095238,True
MOL_008941,CCN(CC)c1ccc2cc(C(=O)Nc3ccccn3)c(=O)oc2c1,PubChem_filtered,337.38,337.38,3.29,3.0,3,6.0,6,5.0,5,1,5,75.44,3,25,0.12935085714285716,0.9266228571428571,True
MOL_014280,C[C@@H]1Cc2ccccc2N1C(=O)CSc1nnc(-c2cccnc2)n1C,PubChem_filtered,365.46,365.46,2.95,3.0,3,7.0,7,4.0,4,0,5,63.91,4,26,0.12936457142857138,0.9265885714285714,True
MOL_014179,Cn1c(SCC(=O)N2CCCc3ccccc32)nnc1-c1ccncc1,PubChem_filtered,365.46,365.46,2.95,3.0,3,7.0,7,4.0,4,0,5,63.91,4,26,0.12936457142857138,0.9265885714285714,True
MOL_014279,C[C@H]1Cc2ccccc2N1C(=O)CSc1nnc(-c2cccnc2)n1C,PubChem_filtered,365.46,365.46,2.95,3.0,3,7.0,7,4.0,4,0,5,63.91,4,26,0.12936457142857138,0.9265885714285714,True
MOL_005138,COc1ccc2nc3c([N+](=O)[O-])ccc(NCCN(C)C)c3c(N)c2c1,PubChem_filtered,355.4,355.4,2.86,3.0,3,8.0,8,6.0,6,2,7,106.55,3,26,0.12944,0.9263999999999999,True
MOL_005774,Cc1cc(C)c2c(=O)n(CN3CCN(c4ccccc4)CC3)sc2n1,PubChem_filtered,354.48,354.48,2.85,3.0,3,6.0,6,3.0,3,0,5,41.37,4,25,0.12948228571428566,0.9262942857142857,True
MOL_021199,Cc1nc2ccccn2c1N(C=O)c1ccc(N(C)C)cc1,PubChem_filtered,294.36,294.36,3.0,3.0,3,5.0,5,4.0,4,0,3,40.85,3,22,0.12950933333333325,0.9262266666666668,True
MOL_001596,COc1ccc2nc3cc(N=[N+]=[N-])ccc3c(N)c2c1,PubChem_filtered,265.28,265.28,3.92,3.0,3,6.0,6,2.0,2,1,4,96.9,3,20,0.12959085714285712,0.9260228571428571,True
MOL_005168,NC(=O)CSc1c2cc(O)ccc2nc2ccc(O)cc12,PubChem_filtered,300.34,300.34,2.38,3.0,3,6.0,6,3.0,3,3,5,96.44,3,21,0.12960114285714286,0.9259971428571427,True
MOL_002199,O=C(O)CC[C@H](Nc1c2ccccc2nc2cccc([N+](=O)[O-])c12)C(=O)O,PubChem_filtered,369.33,369.33,3.03,3.0,3,9.0,9,7.0,7,3,6,142.66,3,27,0.12962800000000002,0.9259299999999999,True
MOL_001891,O=[N+]([O-])c1cccc2c1cc1ccccc1[n+]2[O-],PubChem_filtered,240.22,240.22,2.53,3.0,3,5.0,5,1.0,1,0,3,70.08,3,18,0.12962819047619045,0.9259295238095238,True
MOL_005179,COc1ccc2nc3cccc([N+](=O)[O-])c3c(NCCN(C)C)c2c1,PubChem_filtered,340.38,340.38,3.28,3.0,3,7.0,7,6.0,6,1,6,80.53,3,25,0.12966514285714287,0.9258371428571428,True
MOL_008539,CCN(CC)c1cc2c(c3nsnc13)C(=O)c1ccccc1C2=O,PubChem_filtered,337.4,337.4,3.31,3.0,3,6.0,6,3.0,3,0,6,63.16,4,24,0.1297542857142857,0.9256142857142857,True
MOL_013046,O=C(Cn1cnc2sc3c(c2c1=O)CCCC3)N1CCc2ccccc21,PubChem_filtered,365.46,365.46,2.93,3.0,3,6.0,6,2.0,2,0,4,55.2,5,26,0.1297645714285714,0.9255885714285714,True
MOL_006131,COc1ccc(N2c3ccccc3-c3cc[nH]c(=O)c3C2O)cc1OC,PubChem_filtered,350.37,350.37,3.2,3.0,3,6.0,6,3.0,3,2,5,74.79,4,26,0.12977771428571427,0.9255557142857143,True
MOL_001535,O=S(=O)(O)SCCNc1c2ccccc2nc2ccccc12,PubChem_filtered,334.42,334.42,3.34,3.0,3,7.0,7,5.0,5,2,5,79.29,3,22,0.1298434285714286,0.9253914285714284,True
MOL_002201,CC(Nc1c2ccccc2nc2cccc([N+](=O)[O-])c12)P(=O)(O)O,PubChem_filtered,347.27,347.27,3.23,3.0,3,8.0,8,4.0,4,3,5,125.59,3,24,0.1298462857142857,0.9253842857142858,True
MOL_009927,CCN(CC)c1ccc2c(c1)oc(=O)c1cncc(C=O)c12,PubChem_filtered,296.33,296.33,3.0,3.0,3,5.0,5,4.0,4,0,5,63.41,3,22,0.12984704761904764,0.9253823809523809,True
MOL_015594,CCCc1cc(=O)n2c3c(sc2n1)C(=O)N(c1ccccc1C)C3=O,PubChem_filtered,353.4,353.4,2.82,3.0,3,7.0,7,3.0,3,0,5,71.75,4,25,0.12989714285714288,0.9252571428571428,True
MOL_004128,CCOC(=O)Nc1cc2ncc(CN(C)c3ccccc3)nc2c(N)n1,PubChem_filtered,352.4,352.4,2.81,3.0,3,8.0,8,5.0,5,2,7,106.26,3,26,0.12992571428571426,0.9251857142857143,True
MOL_003665,CCOC(=O)Nc1cc(N)c2nc(CN(C)c3ccccc3)cnc2n1,PubChem_filtered,352.4,352.4,2.81,3.0,3,8.0,8,5.0,5,2,7,106.26,3,26,0.12992571428571426,0.9251857142857143,True
MOL_006854,Cc1c(CN2CCc3cc(Cl)ccc32)cnc2nc(N)nc(N)c12,PubChem_filtered,340.82,340.82,2.71,3.0,3,6.0,6,2.0,2,2,6,93.95,4,24,0.1299405714285714,0.9251485714285714,True
MOL_005448,Cc1cccc2c(N)c3cccc(C(=O)NCC[N+](C)(C)[O-])c3nc12.Cl,PubChem_filtered,374.87,374.87,3.0,3.0,3,6.0,6,4.0,4,2,4,91.07,3,26,0.12997771428571425,0.9250557142857143,True
MOL_000483,CNc1cc2c(cc1C)cc1cc(C)c(NC)cc1[n+]2C.O=[N+]([O-])[O-],PubChem_filtered,342.4,342.4,3.28,3.0,3,7.0,7,2.0,2,2,5,94.14,3,25,0.13001142857142856,0.9249714285714286,True
MOL_012609,O=C(Nc1ccc(N2CCOCC2)cc1)Nc1ccc2nsnc2c1,PubChem_filtered,355.42,355.42,3.17,3.0,3,8.0,8,3.0,3,2,6,79.38,4,25,0.13004342857142853,0.9248914285714286,True
MOL_003508,COC(=O)c1c(C#N)c(C#N)c2c([nH]c3ccccc32)c1C(=O)OC,PubChem_filtered,333.3,333.3,2.64,3.0,3,7.0,7,2.0,2,1,6,115.97,3,25,0.13005142857142854,0.9248714285714286,True
MOL_006874,CN(Cc1ccc2nc(N)nc(N)c2n1)c1ccc(Cl)cc1,PubChem_filtered,314.78,314.78,2.48,3.0,3,6.0,6,3.0,3,2,6,93.95,3,22,0.13007657142857143,0.9248085714285714,True
MOL_006809,CN(Cc1ccc2nc(N)nc(N)c2n1)c1ccccc1Cl,PubChem_filtered,314.78,314.78,2.48,3.0,3,6.0,6,3.0,3,2,6,93.95,3,22,0.13007657142857143,0.9248085714285714,True
MOL_006875,CN(Cc1ccc2nc(N)nc(N)c2n1)c1cccc(Cl)c1,PubChem_filtered,314.78,314.78,2.48,3.0,3,6.0,6,3.0,3,2,6,93.95,3,22,0.13007657142857143,0.9248085714285714,True
MOL_012921,Cc1cc(C)n2c(SCC(=O)N3CCCc4ccccc43)nnc2n1,PubChem_filtered,353.45,353.45,2.81,3.0,3,7.0,7,3.0,3,0,5,63.39,4,25,0.13010571428571427,0.9247357142857142,True
MOL_009002,O=C(Nc1cccc2nsnc12)C1CC(=O)N(c2ccccc2)C1,PubChem_filtered,338.39,338.39,2.68,3.0,3,7.0,7,3.0,3,1,5,75.19,4,24,0.13012399999999996,0.92469,True
MOL_010678,O=C(Nc1cccc2nsnc12)[C@H]1CC(=O)N(c2ccccc2)C1,PubChem_filtered,338.39,338.39,2.68,3.0,3,7.0,7,3.0,3,1,5,75.19,4,24,0.13012399999999996,0.92469,True
MOL_010679,O=C(Nc1cccc2nsnc12)[C@@H]1CC(=O)N(c2ccccc2)C1,PubChem_filtered,338.39,338.39,2.68,3.0,3,7.0,7,3.0,3,1,5,75.19,4,24,0.13012399999999996,0.92469,True
MOL_000977,Cc1cc2cc3cc(C)c(N)cc3nc2cc1N.O=CO,PubChem_filtered,283.33,283.33,2.87,3.0,3,5.0,5,0.0,0,3,4,102.23,3,21,0.13021847619047616,0.9244538095238095,True
MOL_009467,Nc1nc(N2CCOCC2)nc(N(c2ccccc2)c2ccccc2)n1,PubChem_filtered,348.41,348.41,2.76,3.0,3,7.0,7,4.0,4,1,7,80.4,4,26,0.1302417142857143,0.9243957142857142,True
MOL_007222,CN(Cc1coc2nc(N)nc(N)c12)c1ccc(Cl)c(Cl)c1,PubChem_filtered,338.2,338.2,3.33,3.0,3,6.0,6,3.0,3,2,6,94.2,3,22,0.13029142857142856,0.9242714285714285,True
MOL_002193,O=[N+]([O-])c1cccc2nc3ccccc3c(NCCCNCCO)c12,PubChem_filtered,340.38,340.38,2.68,3.0,3,7.0,7,8.0,8,3,6,100.32,3,25,0.13046514285714284,0.9238371428571428,True
MOL_002267,CS(=O)(=O)Nc1c2ccccc2nc2ccccc12,PubChem_filtered,272.33,272.33,2.76,3.0,3,5.0,5,2.0,2,1,3,59.06,3,19,0.13053276190476182,0.9236680952380953,True
MOL_012622,O=C(O)c1ccc2c(c1)C(=O)N(c1ccc(Cc3ccncc3)cc1)C2=O,PubChem_filtered,358.35,358.35,3.17,3.0,3,6.0,6,4.0,4,1,4,87.57,4,27,0.13054571428571426,0.9236357142857142,True
MOL_000853,COc1c2c(c3c(c1OC)c(=O)c1ccccc1n3C)OCO2,PubChem_filtered,313.31,313.31,2.44,3.0,3,6.0,6,2.0,2,0,5,58.92,4,23,0.13062457142857142,0.9234385714285713,True
MOL_000846,COc1c2c(c(OC)c3c1c(=O)c1ccccc1n3C)OCO2,PubChem_filtered,313.31,313.31,2.44,3.0,3,6.0,6,2.0,2,0,5,58.92,4,23,0.13062457142857142,0.9234385714285713,True
MOL_008524,COc1c2c(cc3c1c(=O)c1cccc(OC)c1n3C)OCO2,PubChem_filtered,313.31,313.31,2.44,3.0,3,6.0,6,2.0,2,0,5,58.92,4,23,0.13062457142857142,0.9234385714285713,True
MOL_001163,Cn1c2ccccc2c(=O)c2cc([N+](=O)[O-])ccc21,PubChem_filtered,254.24,254.24,2.6,3.0,3,5.0,5,1.0,1,0,3,65.14,3,19,0.130631619047619,0.9234209523809525,True
MOL_005266,CNCCCNc1c2cc(OC)ccc2nc2cccc([N+](=O)[O-])c12,PubChem_filtered,340.38,340.38,3.33,3.0,3,7.0,7,7.0,7,2,6,89.32,3,25,0.1306651428571428,0.9233371428571429,True
MOL_008452,O=[n+]1c2ccccc2n([O-])c2cc(N3CCCCC3)ccc21,PubChem_filtered,295.34,295.34,3.05,3.0,3,5.0,5,1.0,1,0,3,54.2,4,22,0.1306773333333333,0.9233066666666666,True
MOL_005113,CC(=O)Oc1cc(OC(C)=O)c2c(=O)c3ccccc3n(C)c2c1,PubChem_filtered,325.32,325.32,2.54,3.0,3,6.0,6,2.0,2,0,5,74.6,3,24,0.13068342857142862,0.9232914285714284,True
MOL_000020,Nc1nc(N)c2c(Sc3ccc(N4CCOCC4)cc3)cccc2n1,PubChem_filtered,353.45,353.45,2.78,3.0,3,7.0,7,3.0,3,2,7,90.29,4,25,0.13070571428571431,0.9232357142857142,True
MOL_018691,CCOc1ccc(N(Cc2cc3ccccc3[nH]c2=O)C(=O)COC)cc1,PubChem_filtered,366.42,366.42,3.11,3.0,3,6.0,6,7.0,7,1,4,71.63,3,27,0.13072914285714282,0.9231771428571429,True
MOL_004718,NC(=O)CCC(Nc1c2ccccc2nc2ccccc12)C(=O)O,PubChem_filtered,323.35,323.35,2.52,3.0,3,6.0,6,6.0,6,3,4,105.31,3,24,0.13074571428571424,0.9231357142857144,True
MOL_006361,O=C(O)CSc1ccc2[nH]c3ccccc3c(=O)c2c1,PubChem_filtered,285.32,285.32,2.86,3.0,3,5.0,5,3.0,3,2,3,70.16,3,20,0.130759619047619,0.9231009523809524,True
MOL_017622,S=C(Nc1ccc2nsnc2c1)N1CCN(c2ccccc2)CC1,PubChem_filtered,355.49,355.49,3.21,3.0,3,7.0,7,2.0,2,1,5,44.29,4,24,0.1308554285714285,0.9228614285714286,True
MOL_002806,O=c1c2ccccc2[nH]c2c(Cl)ccc([N+](=O)[O-])c12,PubChem_filtered,274.66,274.66,3.24,3.0,3,5.0,5,1.0,1,1,3,76.0,3,19,0.13093219047619048,0.9226695238095237,True
MOL_006314,O=c1c2ccc(Cl)cc2[nH]c2cc([N+](=O)[O-])ccc12,PubChem_filtered,274.66,274.66,3.24,3.0,3,5.0,5,1.0,1,1,3,76.0,3,19,0.13093219047619048,0.9226695238095237,True
MOL_006633,Cc1c(CN(C=O)c2ccc(Cl)c(Cl)c2)cnc2nc(N)nc(N)c12,PubChem_filtered,377.24,377.24,2.97,3.0,3,7.0,7,4.0,4,2,6,111.02,3,25,0.130984,0.9225399999999999,True
MOL_004046,CN(C)c1ccc(C=Cc2nc(N)nc3nccnc23)cc1,PubChem_filtered,292.35,292.35,2.24,3.0,3,6.0,6,3.0,3,1,6,80.82,3,22,0.13103142857142852,0.9224214285714286,True
MOL_008517,CN(C)c1ccc(Sc2ccc3nc(N)nc(N)c3n2)cc1,PubChem_filtered,312.4,312.4,2.41,3.0,3,7.0,7,3.0,3,2,7,93.95,3,22,0.13106857142857142,0.9223285714285714,True
MOL_009936,CN(C)c1ccc(NC(=S)Nc2ccc3nccnc3c2)cc1,PubChem_filtered,323.43,323.43,3.5,3.0,3,6.0,6,3.0,3,2,4,53.08,3,23,0.13115942857142854,0.9221014285714286,True
MOL_018922,Cc1sc2ncn(CC(=O)Nc3ccc(N(C)C)cc3)c(=O)c2c1C,PubChem_filtered,356.45,356.45,2.78,3.0,3,7.0,7,4.0,4,1,5,67.23,3,25,0.13121999999999995,0.92195,True
MOL_007648,N#Cc1ccn(-c2ccc(N3C[C@H](COc4ccon4)OC3=O)cc2F)c1,PubChem_filtered,368.32,368.32,2.88,3.0,3,8.0,8,5.0,5,0,6,93.52,4,27,0.13125485714285712,0.9218628571428571,True
MOL_010824,CN1C(=O)c2cccc3c(S(=O)(=O)Nc4ccncc4)ccc1c23,PubChem_filtered,339.38,339.38,2.63,3.0,3,7.0,7,3.0,3,1,4,79.37,4,24,0.1312937142857143,0.9217657142857142,True
MOL_013107,CN1C(=O)c2cccc3c(S(=O)(=O)Nc4ccccn4)ccc1c23,PubChem_filtered,339.38,339.38,2.63,3.0,3,7.0,7,3.0,3,1,4,79.37,4,24,0.1312937142857143,0.9217657142857142,True
MOL_017827,O=S(=O)(c1cccc2cccnc12)N1CCN(c2ccccc2)CC1,PubChem_filtered,353.45,353.45,2.75,3.0,3,6.0,6,3.0,3,0,4,53.51,4,25,0.1313057142857143,0.9217357142857142,True
MOL_017122,O=C(CSc1nc(O)cc(=O)[nH]1)N1c2ccccc2CCc2ccccc21,PubChem_filtered,379.44,379.44,3.03,3.0,3,7.0,7,3.0,3,2,5,86.29,4,27,0.13136114285714284,0.9215971428571428,True
MOL_003648,COc1c(OC)c(O)c2c(c1OC)c(=O)c1ccccc1n2C,PubChem_filtered,315.32,315.32,2.42,3.0,3,6.0,6,3.0,3,1,5,69.92,3,23,0.13136914285714285,0.9215771428571429,True
MOL_008505,COc1c(O)c(OC)c2c(=O)c3ccccc3n(C)c2c1OC,PubChem_filtered,315.33,315.33,2.42,3.0,3,6.0,6,3.0,3,1,5,69.92,3,23,0.13137085714285712,0.9215728571428572,True
MOL_006061,COc1ccc(N2CCN(c3c(N)cnc4ccccc34)CC2)c(OC)c1,PubChem_filtered,364.45,364.45,3.16,3.0,3,6.0,6,4.0,4,1,6,63.85,4,27,0.13139142857142855,0.9215214285714286,True
MOL_003282,CN(C)Nc1c2ccccc2nc2ccccc12.COS(=O)(=O)O,PubChem_filtered,349.41,349.41,2.71,3.0,3,8.0,8,3.0,3,2,6,91.76,3,24,0.13141314285714278,0.9214671428571429,True
MOL_003327,FC(F)(F)c1cccc(N2CCN(c3ncnc4nc[nH]c34)CC2)c1,PubChem_filtered,348.33,348.33,2.7,3.0,3,6.0,6,2.0,2,1,5,60.94,4,25,0.13142799999999993,0.9214300000000001,True
MOL_003381,FC(F)(F)c1cccc(N2CCN(c3ncc4[nH]cnc4n3)CC2)c1,PubChem_filtered,348.33,348.33,2.7,3.0,3,6.0,6,2.0,2,1,5,60.94,4,25,0.13142799999999993,0.9214300000000001,True
MOL_002191,CN(C)CC(O)CNc1c2ccccc2nc2cccc([N+](=O)[O-])c12,PubChem_filtered,340.38,340.38,2.63,3.0,3,7.0,7,6.0,6,2,6,91.53,3,25,0.13146514285714284,0.9213371428571429,True
MOL_005737,CCN(CC)c1ccc2cc(C(=O)Nc3ccccn3)c(=N)oc2c1,PubChem_filtered,336.4,336.4,3.41,3.0,3,6.0,6,5.0,5,2,5,82.22,3,25,0.1315828571428571,0.9210428571428572,True
MOL_016585,O=[N+]([O-])c1cc(CN2CCN(c3ccccc3)CC2)c(O)c2ncccc12,PubChem_filtered,364.41,364.41,3.17,3.0,3,7.0,7,4.0,4,1,6,82.74,4,27,0.13158457142857138,0.9210385714285715,True
MOL_018963,CN1CCN(c2ccc(Nc3ncnc4cc(C(=O)O)ccc34)cc2)CC1,PubChem_filtered,363.42,363.42,2.82,3.0,3,7.0,7,4.0,4,2,6,81.59,4,27,0.1316148571428572,0.920962857142857,True
MOL_018961,CN1CCN(c2ccc(Nc3ncnc4cccc(C(=O)O)c34)cc2)CC1,PubChem_filtered,363.42,363.42,2.82,3.0,3,7.0,7,4.0,4,2,6,81.59,4,27,0.1316148571428572,0.920962857142857,True
MOL_020936,Cc1noc2ncnc(N3CCN(c4ccc(F)cc4)CC3)c12,PubChem_filtered,313.34,313.34,2.39,3.0,3,6.0,6,2.0,2,0,6,58.29,4,23,0.1316297142857143,0.9209257142857142,True
MOL_010998,O=S(=O)(Nc1ccc(N2CCOCC2)cc1)c1cccc2cccnc12,PubChem_filtered,369.45,369.45,2.87,3.0,3,7.0,7,4.0,4,1,5,71.53,4,26,0.1316485714285714,0.9208785714285714,True
MOL_021110,Cc1cc(C(F)(F)Cl)n2nc(N3CCN(c4ccccc4)CC3)nc2n1,PubChem_filtered,378.81,378.81,3.05,3.0,3,6.0,6,3.0,3,0,5,49.56,4,26,0.1316531428571428,0.9208671428571429,True
MOL_005602,O=C(NC(CS)C(=O)O)c1c2ccccc2nc2ccccc12,PubChem_filtered,326.38,326.38,2.5,3.0,3,6.0,6,4.0,4,3,4,79.29,3,23,0.13166514285714281,0.9208371428571429,True
MOL_000815,Fc1ccc(N2CCN(CCSc3nnc4ccccn34)CC2)c(F)c1,PubChem_filtered,375.45,375.45,2.92,3.0,3,6.0,6,5.0,5,0,5,36.67,4,26,0.13167714285714283,0.9208071428571429,True
MOL_007084,Cc1c(CN(C)c2ccc(Br)cc2)cnc2nc(N)nc(N)c12,PubChem_filtered,373.26,373.26,2.9,3.0,3,6.0,6,3.0,3,2,6,93.95,3,23,0.13170171428571426,0.9207457142857143,True
MOL_009095,COCC(=O)N(Cc1cc2cc(OC)ccc2[nH]c1=O)c1ccccc1,PubChem_filtered,352.39,352.39,2.72,3.0,3,6.0,6,6.0,6,1,4,71.63,3,26,0.13172399999999995,0.92069,True
MOL_009109,COCC(=O)N(Cc1cc2ccccc2[nH]c1=O)c1ccccc1OC,PubChem_filtered,352.39,352.39,2.72,3.0,3,6.0,6,6.0,6,1,4,71.63,3,26,0.13172399999999995,0.92069,True
MOL_019479,COCC(=O)N(Cc1cc2ccccc2[nH]c1=O)c1cccc(OC)c1,PubChem_filtered,352.39,352.39,2.72,3.0,3,6.0,6,6.0,6,1,4,71.63,3,26,0.13172399999999995,0.92069,True
MOL_009126,COCC(=O)N(Cc1cc2ccccc2[nH]c1=O)c1ccc(OC)cc1,PubChem_filtered,352.39,352.39,2.72,3.0,3,6.0,6,6.0,6,1,4,71.63,3,26,0.13172399999999995,0.92069,True
MOL_010796,CN(C)c1ccc(C(=O)Nc2nc(-c3ccccn3)cs2)cc1,PubChem_filtered,324.41,324.41,3.52,3.0,3,6.0,6,4.0,4,1,5,58.12,3,23,0.1317274285714285,0.9206814285714287,True
MOL_005483,COc1ccc(N2C=Nn3c(nc4sc5c(c4c3=O)CCCC5)C2)cc1,PubChem_filtered,366.45,366.45,3.16,3.0,3,7.0,7,2.0,2,0,6,59.72,5,26,0.1317342857142857,0.9206642857142857,True
MOL_022146,O=S(=O)(c1cccc2cccnc12)N1CCN(c2ccccc2F)CC1,PubChem_filtered,371.44,371.44,2.88,3.0,3,6.0,6,3.0,3,0,4,53.51,4,26,0.13178971428571423,0.9205257142857144,True
MOL_014484,O=S(=O)(c1cccc2cccnc12)N1CCN(c2ccc(F)cc2)CC1,PubChem_filtered,371.44,371.44,2.88,3.0,3,6.0,6,3.0,3,0,4,53.51,4,26,0.13178971428571423,0.9205257142857144,True
MOL_009561,Cc1cc(C)n2nc(SCC(=O)N(C)c3ccccc3)nc2n1,PubChem_filtered,327.41,327.41,2.5,3.0,3,7.0,7,4.0,4,0,5,63.39,3,23,0.13184171428571428,0.9203957142857142,True
MOL_004104,CC(=O)Oc1cc2nc3ccccc3nc2cc1N(C)C,PubChem_filtered,281.32,281.32,2.77,3.0,3,5.0,5,2.0,2,0,5,55.32,3,21,0.13187390476190475,0.9203152380952381,True
MOL_021382,O=C1CCCN1c1ccc(S(=O)(=O)Nc2ccc3ncccc3c2)cc1,PubChem_filtered,367.43,367.43,3.16,3.0,3,7.0,7,4.0,4,1,4,79.37,4,26,0.13190228571428575,0.9202442857142856,True
MOL_021849,O=C1CCCN1c1ccc(S(=O)(=O)Nc2ccc3ccccc3n2)cc1,PubChem_filtered,367.43,367.43,3.16,3.0,3,7.0,7,4.0,4,1,4,79.37,4,26,0.13190228571428575,0.9202442857142856,True
MOL_000657,Cc1cc2nc3ccc(N(C)C)cc3nc2cc1NC(=O)CN(C)N=O,PubChem_filtered,352.4,352.4,2.71,3.0,3,8.0,8,5.0,5,1,6,90.79,3,26,0.13192571428571426,0.9201857142857143,True
MOL_015574,CN(C)c1ccc(C=Nn2cnc3sc4c(c3c2=O)CCCC4)cc1,PubChem_filtered,352.46,352.46,3.29,3.0,3,6.0,6,3.0,3,0,5,50.49,4,25,0.131936,0.92016,True
MOL_009014,O=C1C2ON(c3ccccc3)C(c3cccnc3)C2C(=O)N1c1ccccc1,PubChem_filtered,371.4,371.4,3.13,3.0,3,6.0,6,3.0,3,0,5,62.74,5,28,0.13198285714285718,0.920042857142857,True
MOL_009036,O=C1C2ON(c3ccccc3)C(c3ccncc3)C2C(=O)N1c1ccccc1,PubChem_filtered,371.4,371.4,3.13,3.0,3,6.0,6,3.0,3,0,5,62.74,5,28,0.13198285714285718,0.920042857142857,True
MOL_008508,COc1cc(N2C(=O)c3ccccc3C2=O)c2ncccc2c1,PubChem_filtered,304.31,304.31,3.04,3.0,3,5.0,5,2.0,2,0,4,59.5,4,23,0.1320150476190476,0.9199623809523809,True
MOL_008807,Cc1nc2ncnn2c(N2CCN(c3cccc(C(F)(F)F)c3)CC2)c1C,PubChem_filtered,376.39,376.39,3.09,3.0,3,6.0,6,2.0,2,0,5,49.56,4,27,0.13203828571428566,0.9199042857142857,True
MOL_003126,CN(C)c1c2ccccc2nc2cccc([N+](=O)[O-])c12,PubChem_filtered,267.29,267.29,3.36,3.0,3,5.0,5,2.0,2,0,4,59.27,3,20,0.13206876190476186,0.9198280952380953,True
MOL_000258,CN(C)c1cccc2nc3cccc([N+](=O)[O-])c3cc12,PubChem_filtered,267.29,267.29,3.36,3.0,3,5.0,5,2.0,2,0,4,59.27,3,20,0.13206876190476186,0.9198280952380953,True
MOL_018916,CN(C)c1ccc(NC(=O)Cn2cnc3sc4c(c3c2=O)CCCC4)cc1,PubChem_filtered,382.49,382.49,3.04,3.0,3,7.0,7,4.0,4,1,5,67.23,4,27,0.13208399999999992,0.9197900000000001,True
MOL_005047,CN(C)c1ccc(-c2cc(=O)c3cc4c(cc3[nH]2)OCO4)cc1,PubChem_filtered,308.34,308.34,2.99,3.0,3,5.0,5,2.0,2,1,4,54.56,4,23,0.13210590476190476,0.919735238095238,True
MOL_005048,CN(C)c1cccc(-c2cc(=O)c3cc4c(cc3[nH]2)OCO4)c1,PubChem_filtered,308.34,308.34,2.99,3.0,3,5.0,5,2.0,2,1,4,54.56,4,23,0.13210590476190476,0.919735238095238,True
MOL_005449,Cc1cccc2c(N)c3cccc(C(=O)NCC[N+](C)(C)[O-])c3nc12,PubChem_filtered,338.41,338.41,2.58,3.0,3,6.0,6,4.0,4,2,4,91.07,3,25,0.1321274285714285,0.9196814285714286,True
MOL_006242,COc1ccc2nc3cc(Cl)ccc3c(NN3CCN(CCO)CC3)c2c1,PubChem_filtered,386.88,386.88,2.99,3.0,3,6.0,6,5.0,5,2,6,60.86,4,27,0.13223657142857137,0.9194085714285715,True
MOL_012547,CNc1nc(N2CCOCC2)nc(N(c2ccccc2)c2ccccc2)n1,PubChem_filtered,362.44,362.44,3.22,3.0,3,7.0,7,5.0,5,1,7,66.41,4,27,0.13224685714285717,0.9193828571428571,True
MOL_010411,CN(C)c1ccc(-c2nn(-c3ccccc3)c(N)c2C#N)cc1,PubChem_filtered,303.37,303.37,3.06,3.0,3,5.0,5,3.0,3,1,4,70.87,3,23,0.13225390476190468,0.9193652380952382,True
MOL_005485,O=c1c2c3c(sc2nc2n1N=CN(c1ccc(F)cc1)C2)CCCC3,PubChem_filtered,354.41,354.41,3.29,3.0,3,6.0,6,1.0,1,0,5,50.49,5,25,0.13227028571428567,0.9193242857142857,True
MOL_008149,Nc1nc(N)c2c(n1)C(=O)N(c1ccccc1)C2c1ccccc1,PubChem_filtered,317.35,317.35,2.39,3.0,3,6.0,6,2.0,2,2,5,98.13,4,24,0.13231714285714286,0.9192071428571428,True
MOL_021302,CCOc1nc(C#N)nc(N(c2ccccc2)c2ccccc2)n1,PubChem_filtered,317.35,317.35,3.61,3.0,3,6.0,6,5.0,5,0,6,74.93,3,24,0.13231714285714286,0.9192071428571428,True
MOL_015233,COc1ccc(N(Cc2cc(=O)[nH]c3ccccc23)C(=O)CCC(=O)O)cc1,PubChem_filtered,380.4,380.4,2.93,3.0,3,7.0,7,7.0,7,2,4,99.7,3,28,0.13232571428571427,0.9191857142857143,True
MOL_006052,Nc1ncnc2c1ncn2-c1ccc(N(CCCl)CCCl)cc1,PubChem_filtered,351.24,351.24,2.68,3.0,3,6.0,6,6.0,6,1,5,72.86,3,23,0.13232685714285713,0.9191828571428571,True
MOL_004929,O=C(O)Cc1cccc2c(=O)c3cccc([N+](=O)[O-])c3[nH]c12,PubChem_filtered,298.25,298.25,2.22,3.0,3,7.0,7,3.0,3,2,4,113.3,3,22,0.13244285714285708,0.9188928571428572,True
MOL_008478,COc1cccc2c1nc1cc(N3CCCCC3)ccc1[n+]2[O-],PubChem_filtered,309.37,309.37,3.02,3.0,3,5.0,5,2.0,2,0,4,52.3,4,23,0.13248247619047615,0.9187938095238095,True
MOL_008483,COc1ccc2nc3cc(N4CCCCC4)ccc3[n+]([O-])c2c1,PubChem_filtered,309.37,309.37,3.02,3.0,3,5.0,5,2.0,2,0,4,52.3,4,23,0.13248247619047615,0.9187938095238095,True
MOL_017804,COc1ccc(NC(=O)c2ccc(N3C(=O)c4cccnc4C3=O)cc2)cc1,PubChem_filtered,373.37,373.37,3.14,3.0,3,7.0,7,4.0,4,1,5,88.6,4,28,0.13252057142857143,0.9186985714285714,True
MOL_009624,N#CC(=CNc1ccc(N2CCOCC2)cc1)c1nc2ccccc2[nH]1,PubChem_filtered,345.41,345.41,3.38,3.0,3,6.0,6,4.0,4,2,5,76.97,4,26,0.13252742857142863,0.9186814285714284,True
MOL_000033,Cn1ccc2cc3c(cc21)CCN3C(=O)Nc1cccnc1,PubChem_filtered,292.34,292.34,3.17,3.0,3,5.0,5,1.0,1,1,2,50.16,4,22,0.13256304761904758,0.9185923809523809,True
MOL_008323,O=C(O)c1cccc2c(=O)c3cccc(C(=O)O)c3[nH]c12,PubChem_filtered,283.24,283.24,2.08,3.0,3,6.0,6,2.0,2,3,3,107.46,3,21,0.13266971428571428,0.9183257142857143,True
MOL_006644,CCOc1ccc(OCC)c(N(C)Cc2cnc3nc(N)nc(N)c3c2C)c1,PubChem_filtered,382.47,382.47,2.93,3.0,3,8.0,8,7.0,7,2,8,112.41,3,28,0.13268057142857143,0.9182985714285714,True
MOL_005692,N#Cc1nc2ccccc2nc1N1CCN(c2ccc([N+](=O)[O-])cc2)CC1,PubChem_filtered,360.38,360.38,2.74,3.0,3,8.0,8,3.0,3,0,7,99.19,4,27,0.1326937142857143,0.9182657142857142,True
MOL_001903,Cn1c2ccccc2c(=N[N+]#N)c2ccccc21,PubChem_filtered,235.27,235.27,3.0,3.0,3,4.0,4,0.0,0,0,2,45.44,3,18,0.13271295238095238,0.918217619047619,True
MOL_003752,COc1cc(N(C(C)=O)c2ccc(O)c(C(=O)O)c2)c2ncccc2c1,PubChem_filtered,352.35,352.35,3.33,3.0,3,7.0,7,4.0,4,2,5,99.96,3,26,0.1327171428571428,0.9182071428571429,True
MOL_016988,O=C(Nc1nc(-c2cccnc2)cs1)c1cccc(N2C(=O)CCC2=O)c1,PubChem_filtered,378.41,378.41,3.11,3.0,3,8.0,8,4.0,4,1,6,92.26,4,27,0.13278457142857136,0.9180385714285715,True
MOL_020829,CC1(C)CN(c2ccc(-c3ccnc4ncnn34)cc2)C1=O,PubChem_filtered,293.33,293.33,2.16,3.0,3,6.0,6,2.0,2,0,4,63.39,4,22,0.1327994285714285,0.9180014285714286,True
MOL_009558,Cc1ccnc(S[C@@H]2CC(=O)N(c3ccc4ccccc4c3)C2=O)n1,PubChem_filtered,349.42,349.42,3.36,3.0,3,6.0,6,3.0,3,0,5,63.16,4,25,0.13281485714285712,0.9179628571428571,True
MOL_008241,Cc1ccnc(SC2CC(=O)N(c3ccc4ccccc4c3)C2=O)n1,PubChem_filtered,349.42,349.42,3.36,3.0,3,6.0,6,3.0,3,0,5,63.16,4,25,0.13281485714285712,0.9179628571428571,True
MOL_009557,Cc1ccnc(S[C@H]2CC(=O)N(c3ccc4ccccc4c3)C2=O)n1,PubChem_filtered,349.42,349.42,3.36,3.0,3,6.0,6,3.0,3,0,5,63.16,4,25,0.13281485714285712,0.9179628571428571,True
MOL_010923,O=C(C1=C(O)C(=O)N(c2ccc(CCO)cc2)[C@H]1c1cccnc1)c1ccco1,PubChem_filtered,390.4,390.4,2.99,3.0,3,7.0,7,6.0,6,2,6,103.87,4,29,0.13283999999999996,0.9179,True
MOL_010924,O=C(C1=C(O)C(=O)N(c2ccc(CCO)cc2)[C@@H]1c1cccnc1)c1ccco1,PubChem_filtered,390.4,390.4,2.99,3.0,3,7.0,7,6.0,6,2,6,103.87,4,29,0.13283999999999996,0.9179,True
MOL_018841,N#CCn1cc(/C=C2\C(=O)NC(=O)N(c3ccc(F)cc3)C2=O)c2ccccc21,PubChem_filtered,388.36,388.36,2.97,3.0,3,7.0,7,3.0,3,1,4,95.2,4,29,0.13289028571428574,0.9177742857142857,True
MOL_021166,N#CCn1cc(/C=C2\C(=O)NC(=O)N(c3cccc(F)c3)C2=O)c2ccccc21,PubChem_filtered,388.36,388.36,2.97,3.0,3,7.0,7,3.0,3,1,4,95.2,4,29,0.13289028571428574,0.9177742857142857,True
MOL_021167,N#CCn1cc(/C=C2/C(=O)NC(=O)N(c3cccc(F)c3)C2=O)c2ccccc21,PubChem_filtered,388.36,388.36,2.97,3.0,3,7.0,7,3.0,3,1,4,95.2,4,29,0.13289028571428574,0.9177742857142857,True
MOL_008764,O=C(CN1C(=O)COc2ccccc21)N(Cc1ccccc1)Cc1ccccn1,PubChem_filtered,387.44,387.44,3.04,3.0,3,6.0,6,6.0,6,0,4,62.74,4,29,0.1329325714285714,0.9176685714285715,True
MOL_017618,COc1ccc(N(C)C(=S)Nc2ccc3nsnc3c2)cc1,PubChem_filtered,330.44,330.44,3.53,3.0,3,7.0,7,3.0,3,1,5,50.28,3,22,0.13296114285714278,0.917597142857143,True
MOL_008578,Cc1ccc2nc3cc(N4CCOCC4)c(N4CCOCC4)cc3nc2c1,PubChem_filtered,364.45,364.45,2.76,3.0,3,6.0,6,2.0,2,0,6,50.72,5,27,0.13299142857142854,0.9175214285714286,True
MOL_021160,O=C1NC(=O)N(c2ccccc2)C(=O)/C1=C/c1cnc(-c2ccccc2)nc1,PubChem_filtered,370.37,370.37,2.81,3.0,3,7.0,7,3.0,3,1,5,92.26,4,28,0.1330062857142857,0.9174842857142858,True
MOL_021254,CCNc1nc(NCC)n2c(=S)n(CN3CCCc4ccccc43)nc2n1,PubChem_filtered,384.51,384.51,2.93,3.0,3,9.0,9,6.0,6,2,7,75.31,4,27,0.13303028571428566,0.9174242857142858,True
MOL_001356,O=C1c2c(O)ccc(Nc3ccccc3)c2C(=O)c2c(O)ccc(NCCO)c21,PubChem_filtered,390.4,390.4,3.02,3.0,3,7.0,7,5.0,5,5,7,118.89,4,29,0.13304,0.9174,True
MOL_007600,CC(C)C(N=c1c2ccccc2n(O)c2ccccc12)C(=O)O,PubChem_filtered,310.35,310.35,3.04,3.0,3,5.0,5,3.0,3,2,3,74.82,3,23,0.13305047619047616,0.9173738095238095,True
MOL_017816,O=C(Nc1ccc(F)cc1)c1ccc(N2C(=O)c3cccnc3C2=O)cc1,PubChem_filtered,361.33,361.33,3.27,3.0,3,6.0,6,3.0,3,1,4,79.37,4,27,0.1330565714285714,0.9173585714285715,True
MOL_009760,Clc1ccccc1N1CCN(c2ncnc3nc[nH]c23)CC1,PubChem_filtered,314.78,314.78,2.33,3.0,3,6.0,6,2.0,2,1,5,60.94,4,22,0.13307657142857143,0.9173085714285714,True
MOL_005146,COc1ccc2nc3c([N+](=O)[O-])ccc4c3c(c2c1)NCCN4CCN(C)C,PubChem_filtered,381.44,381.44,3.1,3.0,3,8.0,8,5.0,5,1,7,83.77,4,28,0.13310399999999994,0.91724,True
MOL_020877,COc1cc2ncnc(Nc3ccc(N4CCOCC4)cc3)c2cc1OC,PubChem_filtered,366.42,366.42,3.23,3.0,3,7.0,7,5.0,5,1,7,68.74,4,27,0.13312914285714283,0.9171771428571429,True
MOL_002164,Cl.O=[N+]([O-])c1cccc2nc3ccccc3c(NCCCO)c12,PubChem_filtered,333.78,333.78,3.51,3.0,3,6.0,6,5.0,5,2,5,88.29,3,23,0.13313371428571424,0.9171657142857144,True
MOL_007599,O=C(O)C(CS)N=c1c2ccccc2n(O)c2ccccc12,PubChem_filtered,314.37,314.37,2.32,3.0,3,6.0,6,3.0,3,3,4,74.82,3,22,0.13320628571428567,0.9169842857142858,True
MOL_022065,O=C1c2cccc3cccc(c23)N1CNc1ncccn1,PubChem_filtered,276.3,276.3,2.66,3.0,3,5.0,5,3.0,3,1,4,58.12,4,21,0.1332133333333333,0.9169666666666667,True
MOL_005986,COS(=O)(=O)O.C[n+]1c2ccccc2cc2ccccc21,PubChem_filtered,306.36,306.36,2.25,3.0,3,6.0,6,1.0,1,1,3,67.48,3,21,0.13323314285714288,0.9169171428571428,True
MOL_012872,CN(C)c1ccc(NC(=O)CSc2n[nH]c(-c3ccncc3)n2)cc1,PubChem_filtered,354.44,354.44,2.66,3.0,3,8.0,8,6.0,6,2,6,86.8,3,25,0.13327542857142854,0.9168114285714286,True
MOL_017737,O=C1NC(=O)N(c2ccccc2F)C(=O)/C1=C\c1cnc(-c2ccccc2)nc1,PubChem_filtered,388.36,388.36,2.95,3.0,3,7.0,7,3.0,3,1,5,92.26,4,29,0.1332902857142857,0.9167742857142857,True
MOL_017760,O=C1NC(=O)N(c2cccc(F)c2)C(=O)/C1=C\c1cnc(-c2ccccc2)nc1,PubChem_filtered,388.36,388.36,2.95,3.0,3,7.0,7,3.0,3,1,5,92.26,4,29,0.1332902857142857,0.9167742857142857,True
MOL_017703,O=C1NC(=O)N(c2ccc(F)cc2)C(=O)/C1=C\c1cnc(-c2ccccc2)nc1,PubChem_filtered,388.36,388.36,2.95,3.0,3,7.0,7,3.0,3,1,5,92.26,4,29,0.1332902857142857,0.9167742857142857,True
MOL_017702,O=C1NC(=O)N(c2ccc(F)cc2)C(=O)C1=Cc1cnc(-c2ccccc2)nc1,PubChem_filtered,388.36,388.36,2.95,3.0,3,7.0,7,3.0,3,1,5,92.26,4,29,0.1332902857142857,0.9167742857142857,True
MOL_017759,O=C1NC(=O)N(c2cccc(F)c2)C(=O)C1=Cc1cnc(-c2ccccc2)nc1,PubChem_filtered,388.36,388.36,2.95,3.0,3,7.0,7,3.0,3,1,5,92.26,4,29,0.1332902857142857,0.9167742857142857,True
MOL_017736,O=C1NC(=O)N(c2ccccc2F)C(=O)C1=Cc1cnc(-c2ccccc2)nc1,PubChem_filtered,388.36,388.36,2.95,3.0,3,7.0,7,3.0,3,1,5,92.26,4,29,0.1332902857142857,0.9167742857142857,True
MOL_021086,COc1cccc(N2Cc3cccc(C(=O)NCc4cccnc4)c3C2=O)c1,PubChem_filtered,373.41,373.41,3.18,3.0,3,6.0,6,5.0,5,1,4,71.53,4,28,0.1333274285714286,0.9166814285714284,True
MOL_008268,CCOC(=O)c1ccc(N(C=O)Cc2nc(C)nc3cc4c(cc23)OCO4)cc1,PubChem_filtered,393.4,393.4,3.01,3.0,3,8.0,8,6.0,6,0,7,90.85,4,29,0.1333542857142857,0.9166142857142857,True
MOL_010143,COc1ccccc1N1CCN(C(=O)c2ccc3nccnc3c2)CC1,PubChem_filtered,348.41,348.41,2.6,3.0,3,6.0,6,3.0,3,0,5,58.56,4,26,0.13344171428571427,0.9163957142857142,True
MOL_015985,Cc1ccc(Nc2nc(N)nc(CN3CCN(c4ccccc4)CC3)n2)cc1,PubChem_filtered,375.48,375.48,2.83,3.0,3,7.0,7,5.0,5,2,7,83.2,4,28,0.13348228571428572,0.9162942857142856,True
MOL_009159,Cc1cccc(Nc2nc(N)nc(CN3CCN(c4ccccc4)CC3)n2)c1,PubChem_filtered,375.48,375.48,2.83,3.0,3,7.0,7,5.0,5,2,7,83.2,4,28,0.13348228571428572,0.9162942857142856,True
MOL_005073,N#CC(=C1SCC(=O)N1c1ccccc1)c1nc2ccccc2[nH]1,PubChem_filtered,332.39,332.39,3.54,3.0,3,6.0,6,2.0,2,1,4,72.78,4,24,0.1334954285714285,0.9162614285714287,True
MOL_013487,CN(C)c1cc(NC(=O)CN2CCN(c3ccccc3)CC2)c2ccccc2n1,PubChem_filtered,389.5,389.5,3.06,3.0,3,6.0,6,5.0,5,1,5,51.71,4,29,0.1336857142857143,0.9157857142857142,True
MOL_009225,CCCc1cc(=O)n2c3c(sc2n1)C(=O)N(c1ccccc1)C3=O,PubChem_filtered,339.38,339.38,2.51,3.0,3,7.0,7,3.0,3,0,5,71.75,4,24,0.1336937142857143,0.9157657142857142,True
MOL_005562,COc1ccc2c(c1)-c1nc(=O)n(CCCN(C)C)c3ccc([N+](=O)[O-])c(c13)N2,PubChem_filtered,395.42,395.42,2.99,3.0,3,9.0,9,6.0,6,1,7,102.53,4,29,0.1337005714285714,0.9157485714285715,True
MOL_006862,CC1CN(c2cc3c(cc2F)c(=O)c(C(=O)O)cn3-c2ccccc2)CC(C)N1,PubChem_filtered,395.43,395.43,3.01,3.0,3,6.0,6,3.0,3,2,4,74.57,4,29,0.13370228571428566,0.9157442857142858,True
MOL_005322,CN(C)CCNCCCNc1c2ccccc2nc2cccc([N+](=O)[O-])c12,PubChem_filtered,367.45,367.45,3.25,3.0,3,7.0,7,9.0,9,2,6,83.33,3,27,0.13370571428571432,0.9157357142857142,True
MOL_009176,Cc1cccc(Nc2nc(N)nc(CN3CCN(c4ccc(F)cc4)CC3)n2)c1,PubChem_filtered,393.47,393.47,2.97,3.0,3,7.0,7,5.0,5,2,7,83.2,4,29,0.13376628571428567,0.9155842857142857,True
MOL_018825,Cc1ccc(Nc2nc(N)nc(CN3CCN(c4ccc(F)cc4)CC3)n2)cc1,PubChem_filtered,393.47,393.47,2.97,3.0,3,7.0,7,5.0,5,2,7,83.2,4,29,0.13376628571428567,0.9155842857142857,True
MOL_009170,Cc1cccc(Nc2nc(N)nc(CN3CCN(c4ccccc4F)CC3)n2)c1,PubChem_filtered,393.47,393.47,2.97,3.0,3,7.0,7,5.0,5,2,7,83.2,4,29,0.13376628571428567,0.9155842857142857,True
MOL_009151,Cc1ccc(Nc2nc(N)nc(CN3CCN(c4ccccc4F)CC3)n2)cc1,PubChem_filtered,393.47,393.47,2.97,3.0,3,7.0,7,5.0,5,2,7,83.2,4,29,0.13376628571428567,0.9155842857142857,True
MOL_000759,Cc1nc2ccccc2c(=O)n1N=C1SCC(=O)N1c1ccccc1,PubChem_filtered,350.4,350.4,2.6,3.0,3,7.0,7,2.0,2,0,5,67.56,4,25,0.1337828571428571,0.9155428571428572,True
MOL_004719,O=C(O)C(CS)Nc1c2ccccc2nc2ccccc12,PubChem_filtered,298.37,298.37,3.18,3.0,3,5.0,5,4.0,4,3,4,62.22,3,21,0.13379676190476192,0.9155080952380952,True
MOL_022084,CCOC(=O)c1sc2ncn(N=Cc3ccc(N(C)C)cc3)c(=O)c2c1C,PubChem_filtered,384.46,384.46,2.89,3.0,3,8.0,8,5.0,5,0,7,76.79,3,27,0.13382171428571432,0.9154457142857142,True
MOL_013053,c1ccc2c(Nc3ccc(N4CCOCC4)cc3)nc(N3CCOCC3)nc2c1,PubChem_filtered,391.48,391.48,3.05,3.0,3,7.0,7,4.0,4,1,7,62.75,5,29,0.1338251428571428,0.915437142857143,True
MOL_008921,CC1CCc2c(nc3ncnn3c2N2CCN(c3ccccc3)CC2)C1,PubChem_filtered,348.45,348.45,2.58,3.0,3,6.0,6,2.0,2,0,5,49.56,5,26,0.13384857142857137,0.9153785714285715,True
MOL_008595,Clc1ccc2nc3cc(N4CCOCC4)c(N4CCOCC4)cc3nc2c1,PubChem_filtered,384.87,384.87,3.11,3.0,3,6.0,6,2.0,2,0,6,50.72,5,27,0.13389199999999996,0.91527,True
MOL_016647,Cn1c(CN(C(=O)CN2CCOCC2)c2ccccc2)c(C#N)c2ccccc21,PubChem_filtered,388.47,388.47,2.92,3.0,3,6.0,6,5.0,5,0,4,61.5,4,29,0.13390914285714278,0.915227142857143,True
MOL_000155,Nc1c(S(=O)(=O)O)cc(Nc2ccccc2)c2c1C(=O)c1ccccc1C2=O,PubChem_filtered,394.41,394.41,3.03,3.0,3,8.0,8,3.0,3,3,6,126.56,4,28,0.13392742857142853,0.9151814285714286,True
MOL_015733,CCCc1cc(=O)n2c3c(sc2n1)C(=O)N(c1ccc(F)cc1)C3=O,PubChem_filtered,357.37,357.37,2.65,3.0,3,7.0,7,3.0,3,0,5,71.75,4,25,0.13397771428571426,0.9150557142857143,True
MOL_005611,Cc1cccc2c(NCCN(C)C)c3cccc(C(=O)NCCN(C)C)c3nc12,PubChem_filtered,393.54,393.54,2.96,3.0,3,6.0,6,8.0,8,2,5,60.5,3,29,0.13397828571428566,0.9150542857142858,True
MOL_017747,Cc1ccccc1N1C(=O)NC(=O)C(=Cc2cnc(-c3ccccc3)nc2)C1=O,PubChem_filtered,384.4,384.4,3.12,3.0,3,7.0,7,3.0,3,1,5,92.26,4,29,0.13401142857142856,0.9149714285714285,True
MOL_017722,Cc1ccc(N2C(=O)NC(=O)C(=Cc3cnc(-c4ccccc4)nc3)C2=O)cc1,PubChem_filtered,384.4,384.4,3.12,3.0,3,7.0,7,3.0,3,1,5,92.26,4,29,0.13401142857142856,0.9149714285714285,True
MOL_017697,Cc1cccc(N2C(=O)NC(=O)C(=Cc3cnc(-c4ccccc4)nc3)C2=O)c1,PubChem_filtered,384.4,384.4,3.12,3.0,3,7.0,7,3.0,3,1,5,92.26,4,29,0.13401142857142856,0.9149714285714285,True
MOL_008685,Cc1ccc(CN(Cc2cccnc2)C(=O)CN2C(=O)COc3ccccc32)o1,PubChem_filtered,391.43,391.43,2.94,3.0,3,7.0,7,6.0,6,0,5,75.88,4,29,0.13401657142857148,0.9149585714285713,True
MOL_005140,COc1ccc2nc3c([N+](=O)[O-])ccc(NCCCN(C)C)c3c(N)c2c1,PubChem_filtered,369.43,369.43,3.25,3.0,3,8.0,8,7.0,7,2,7,106.55,3,27,0.1340451428571428,0.9148871428571429,True
MOL_005262,COc1ccc2nc3cccc([N+](=O)[O-])c3c(NCCNCCN(C)C)c2c1,PubChem_filtered,383.45,383.45,2.87,3.0,3,8.0,8,9.0,9,2,7,92.56,3,28,0.13404857142857135,0.9148785714285715,True
MOL_009404,O=C1c2cccnc2C(=O)N1c1ccc(-c2ccc([N+](=O)[O-])cc2)cc1,PubChem_filtered,345.31,345.31,3.46,3.0,3,7.0,7,3.0,3,0,5,93.41,4,26,0.13411028571428574,0.9147242857142857,True
MOL_008552,O=c1c2cc([N+](=O)[O-])ccc2[nH]c2c([N+](=O)[O-])cc([N+](=O)[O-])cc12,PubChem_filtered,330.21,330.21,2.41,3.0,3,11.0,11,3.0,3,1,7,162.28,3,24,0.13412171428571423,0.9146957142857144,True
MOL_001828,COc1ccc2nc3cc(Cl)ccc3c(NCC(N)=O)c2c1,PubChem_filtered,315.76,315.76,2.95,3.0,3,5.0,5,4.0,4,2,4,77.24,3,22,0.13417790476190472,0.9145552380952381,True
MOL_015898,CN(C)c1ccc([C@@H]2C(C#N)=C(N)Oc3n[nH]c(-c4ccccc4)c32)cc1,PubChem_filtered,357.42,357.42,3.36,3.0,3,6.0,6,3.0,3,2,5,90.96,4,27,0.1341862857142857,0.9145342857142857,True
MOL_015899,CN(C)c1ccc([C@H]2C(C#N)=C(N)Oc3n[nH]c(-c4ccccc4)c32)cc1,PubChem_filtered,357.42,357.42,3.36,3.0,3,6.0,6,3.0,3,2,5,90.96,4,27,0.1341862857142857,0.9145342857142857,True
MOL_008545,CC(C)c1cccc2c(=O)c3cc([N+](=O)[O-])cc([N+](=O)[O-])c3[nH]c12,PubChem_filtered,327.3,327.3,3.62,3.0,3,8.0,8,3.0,3,1,5,119.14,3,24,0.13422285714285714,0.9144428571428571,True
MOL_014281,CN(C)c1ccc(NC(=O)CSc2nc3ccccc3c(=O)n2C)cc1,PubChem_filtered,368.46,368.46,2.73,3.0,3,7.0,7,5.0,5,1,5,67.23,3,26,0.13427885714285714,0.9143028571428571,True
MOL_014670,c1ccc(N2CCN(c3nc(N4CCOCC4)c4ccccc4n3)CC2)cc1,PubChem_filtered,375.48,375.48,2.79,3.0,3,6.0,6,3.0,3,0,6,44.73,5,28,0.13428228571428574,0.9142942857142856,True
MOL_008825,COCCn1c(SCC(=O)N2CCCc3ccccc32)nc2cccnc21,PubChem_filtered,382.49,382.49,3.15,3.0,3,7.0,7,6.0,6,0,5,60.25,4,27,0.13428399999999996,0.91429,True
MOL_021739,O=C(C1=C(O)C(=O)N(c2ccccc2)[C@@H]1c1cccnc1)c1ccco1,PubChem_filtered,346.34,346.34,3.46,3.0,3,6.0,6,4.0,4,1,5,83.64,4,26,0.1342868571428571,0.9142828571428572,True
MOL_021738,O=C(C1=C(O)C(=O)N(c2ccccc2)[C@H]1c1cccnc1)c1ccco1,PubChem_filtered,346.34,346.34,3.46,3.0,3,6.0,6,4.0,4,1,5,83.64,4,26,0.1342868571428571,0.9142828571428572,True
MOL_008261,O=c1c2ccccc2[nH]c2ccc(S(=O)(=O)O)cc12,PubChem_filtered,275.29,275.29,1.93,3.0,3,6.0,6,1.0,1,2,3,87.23,3,19,0.13430685714285717,0.9142328571428571,True
MOL_008750,CC1CCc2c(nc3ncnn3c2N2CCN(c3ccccc3F)CC2)C1,PubChem_filtered,366.44,366.44,2.71,3.0,3,6.0,6,2.0,2,0,5,49.56,5,27,0.1343325714285714,0.9141685714285714,True
MOL_005233,O=c1oc2cccnc2n1CCCCN1CCN(c2ccccc2)CC1,PubChem_filtered,352.44,352.44,2.59,3.0,3,6.0,6,6.0,6,0,5,54.51,4,26,0.1343325714285714,0.9141685714285714,True
MOL_008538,COc1cccc2c(=O)n3c(nc12)C(N(C)c1ccccc1)CC3,PubChem_filtered,321.38,321.38,2.99,3.0,3,5.0,5,3.0,3,0,4,47.36,4,24,0.1343413333333333,0.9141466666666667,True
MOL_008034,CCN(CCN(C)C)c1ccc2nc3n(c(=O)c2c1)-c1ccc(Cl)cc1C3=O,PubChem_filtered,396.88,396.88,2.97,3.0,3,6.0,6,5.0,5,0,5,58.44,4,28,0.1343508571428571,0.9141228571428572,True
MOL_006851,COc1ccccc1N1CCN(Cn2sc3nc(C)cc(C)c3c2=O)CC1,PubChem_filtered,384.51,384.51,2.86,3.0,3,7.0,7,4.0,4,0,6,50.6,4,27,0.13443028571428567,0.9139242857142857,True
MOL_001350,COc1ccc(Nc2ccc(O)c3c2C(=O)c2c(N)ccc(O)c2C3=O)cc1,PubChem_filtered,376.37,376.37,3.21,3.0,3,7.0,7,3.0,3,4,7,121.88,4,28,0.13443485714285713,0.9139128571428571,True
MOL_001729,CN(Cc1ccc(Cl)cc1)c1ccc2nc(N)nc(N)c2c1,PubChem_filtered,313.79,313.79,3.08,3.0,3,5.0,5,3.0,3,2,5,81.06,3,22,0.1344401904761905,0.9138995238095238,True
MOL_010535,O=C(CN1C(=O)c2cccc3cccc1c23)Nc1cccnc1,PubChem_filtered,303.32,303.32,2.83,3.0,3,5.0,5,3.0,3,1,3,62.3,4,23,0.1344453333333333,0.9138866666666666,True
MOL_001588,CC(CN(C)C)Nc1c2ccccc2nc2cccc([N+](=O)[O-])c12,PubChem_filtered,324.38,324.38,3.66,3.0,3,6.0,6,5.0,5,1,5,71.3,3,24,0.1345222857142857,0.9136942857142857,True
MOL_000133,CN(C)CCCNc1c2ccccc2nc2cccc([N+](=O)[O-])c12,PubChem_filtered,324.38,324.38,3.66,3.0,3,6.0,6,6.0,6,1,5,71.3,3,24,0.1345222857142857,0.9136942857142857,True
MOL_000151,CN(C)CCCNc1c2ccccc2nc2cc([N+](=O)[O-])ccc12,PubChem_filtered,324.38,324.38,3.66,3.0,3,6.0,6,6.0,6,1,5,71.3,3,24,0.1345222857142857,0.9136942857142857,True
MOL_000163,CN(C)CCCNc1c2ccccc2nc2c([N+](=O)[O-])cccc12,PubChem_filtered,324.38,324.38,3.66,3.0,3,6.0,6,6.0,6,1,5,71.3,3,24,0.1345222857142857,0.9136942857142857,True
MOL_000149,CN(C)CCCNc1c2ccccc2nc2ccc([N+](=O)[O-])cc12,PubChem_filtered,324.38,324.38,3.66,3.0,3,6.0,6,6.0,6,1,5,71.3,3,24,0.1345222857142857,0.9136942857142857,True
MOL_008851,O=C(CSc1nccc(=O)[nH]1)N1c2ccccc2CCc2ccccc21,PubChem_filtered,363.44,363.44,3.33,3.0,3,6.0,6,3.0,3,1,4,66.06,4,26,0.1346182857142857,0.9134542857142857,True
MOL_009022,Cc1ccc(N2C(=O)c3n[nH]c(C)c3C2c2ccccn2)cc1,PubChem_filtered,304.35,304.35,3.17,3.0,3,5.0,5,2.0,2,1,3,61.88,4,23,0.13462190476190472,0.9134452380952381,True
MOL_009056,Cc1ccc(N2C(=O)c3n[nH]c(C)c3C2c2cccnc2)cc1,PubChem_filtered,304.35,304.35,3.17,3.0,3,5.0,5,2.0,2,1,3,61.88,4,23,0.13462190476190472,0.9134452380952381,True
MOL_010544,Cc1ccc(N2C(=O)c3n[nH]c(C)c3[C@@H]2c2cccnc2)cc1,PubChem_filtered,304.35,304.35,3.17,3.0,3,5.0,5,2.0,2,1,3,61.88,4,23,0.13462190476190472,0.9134452380952381,True
MOL_010545,Cc1ccc(N2C(=O)c3n[nH]c(C)c3[C@H]2c2cccnc2)cc1,PubChem_filtered,304.35,304.35,3.17,3.0,3,5.0,5,2.0,2,1,3,61.88,4,23,0.13462190476190472,0.9134452380952381,True
MOL_010504,Cc1ccc(N2C(=O)c3n[nH]c(C)c3[C@@H]2c2ccccn2)cc1,PubChem_filtered,304.35,304.35,3.17,3.0,3,5.0,5,2.0,2,1,3,61.88,4,23,0.13462190476190472,0.9134452380952381,True
MOL_010505,Cc1ccc(N2C(=O)c3n[nH]c(C)c3[C@H]2c2ccccn2)cc1,PubChem_filtered,304.35,304.35,3.17,3.0,3,5.0,5,2.0,2,1,3,61.88,4,23,0.13462190476190472,0.9134452380952381,True
MOL_001701,NC1CCCN1c1c(F)cc2c(=O)c(C(=O)O)cn3c2c1Oc1ccccc1-3,PubChem_filtered,381.36,381.36,2.82,3.0,3,7.0,7,2.0,2,2,5,97.79,5,28,0.1346902857142857,0.9132742857142857,True
MOL_021479,CN1CCc2nc3sc(C(=O)Nc4ccc(N(C)C)cc4)c(N)c3cc2C1,PubChem_filtered,381.51,381.51,3.18,3.0,3,7.0,7,3.0,3,2,6,74.49,4,27,0.13471600000000006,0.9132099999999999,True
MOL_007147,COc1ccc(OC)c(N(C)Cc2csc3nc(N)nc(N)c23)c1,PubChem_filtered,345.43,345.43,2.51,3.0,3,8.0,8,5.0,5,2,8,99.52,3,24,0.13473085714285715,0.9131728571428571,True
MOL_013488,CN1CCc2c1nc1ccccc1c2NC(=O)CN1CCN(c2ccccc2)CC1,PubChem_filtered,401.51,401.51,2.99,3.0,3,6.0,6,4.0,4,1,5,51.71,5,30,0.13474457142857138,0.9131385714285715,True
MOL_014277,Cn1c(SCC(=O)N2CCc3ccccc32)nnc1-c1cccnc1,PubChem_filtered,351.44,351.44,2.56,3.0,3,7.0,7,4.0,4,0,5,63.91,4,25,0.13476114285714286,0.9130971428571428,True
MOL_016358,Cn1c(SCC(=O)N2CCc3ccccc32)nnc1-c1ccncc1,PubChem_filtered,351.44,351.44,2.56,3.0,3,7.0,7,4.0,4,0,5,63.91,4,25,0.13476114285714286,0.9130971428571428,True
MOL_020833,Cc1cccc(-n2cnc(C(=O)Nc3ccc(N4CCOCC4)cc3)c2)n1,PubChem_filtered,363.42,363.42,2.66,3.0,3,7.0,7,4.0,4,1,5,72.28,4,27,0.13481485714285718,0.912962857142857,True
MOL_009821,CN(C)c1ccc(C=NNC(=O)c2ccc3ccccc3n2)cc1,PubChem_filtered,318.38,318.38,3.06,3.0,3,5.0,5,4.0,4,1,4,57.59,3,24,0.13482704761904762,0.9129323809523808,True
MOL_003921,CN(C)c1ccc(C=NNC(=O)c2cnc3ccccc3c2)cc1,PubChem_filtered,318.38,318.38,3.06,3.0,3,5.0,5,4.0,4,1,4,57.59,3,24,0.13482704761904762,0.9129323809523808,True
MOL_002640,CN(C)CCCN([O-])c1c2ccccc2nc2cccc([N+](=O)[O-])c12,PubChem_filtered,339.38,339.38,3.55,3.0,3,7.0,7,6.0,6,0,6,85.57,3,25,0.13489371428571428,0.9127657142857142,True
MOL_007559,COc1ccc(OC)c(N(C)Cc2cccc3nc(N)nc(N)c23)c1,PubChem_filtered,339.4,339.4,2.45,3.0,3,7.0,7,5.0,5,2,7,99.52,3,25,0.13489714285714283,0.9127571428571428,True
MOL_006429,COc1ccc(OC)c(CN(C)c2ccc3nc(N)nc(N)c3c2)c1,PubChem_filtered,339.4,339.4,2.45,3.0,3,7.0,7,5.0,5,2,7,99.52,3,25,0.13489714285714283,0.9127571428571428,True
MOL_006812,COc1cc(CN(C)c2ccc3nc(N)nc(N)c3c2)cc(OC)c1,PubChem_filtered,339.4,339.4,2.45,3.0,3,7.0,7,5.0,5,2,7,99.52,3,25,0.13489714285714283,0.9127571428571428,True
MOL_006815,COc1ccc(CN(C)c2ccc3nc(N)nc(N)c3c2)c(OC)c1,PubChem_filtered,339.4,339.4,2.45,3.0,3,7.0,7,5.0,5,2,7,99.52,3,25,0.13489714285714283,0.9127571428571428,True
MOL_022059,CCN1C(=O)c2cccc3c(S(=O)(=O)NCc4cccnc4)ccc1c23,PubChem_filtered,367.43,367.43,2.69,3.0,3,7.0,7,5.0,5,1,4,79.37,4,26,0.1349022857142857,0.9127442857142857,True
MOL_015722,CCN1C(=O)c2cccc3c(S(=O)(=O)NCc4ccccn4)ccc1c23,PubChem_filtered,367.43,367.43,2.69,3.0,3,7.0,7,5.0,5,1,4,79.37,4,26,0.1349022857142857,0.9127442857142857,True
MOL_001259,CCN(CC)c1ccc2c(c1)Oc1c(C#N)c(=N)n3c(c1=C2)=Nc1ccccc1C3,PubChem_filtered,395.47,395.47,2.93,3.0,3,6.0,6,3.0,3,1,5,77.4,5,30,0.13490914285714284,0.9127271428571428,True
MOL_011775,O=C1c2cccc([N+](=O)[O-])c2C(=O)N1c1ccc(Cc2ccncc2)cc1,PubChem_filtered,359.34,359.34,3.38,3.0,3,7.0,7,4.0,4,0,5,93.41,4,27,0.13491542857142852,0.9127114285714286,True
MOL_005127,CCN1CCNc2c3cc(OC)ccc3nc3c([N+](=O)[O-])ccc1c23,PubChem_filtered,338.37,338.37,3.56,3.0,3,7.0,7,3.0,3,1,6,80.53,4,25,0.13492057142857145,0.9126985714285714,True
MOL_008492,CCOc1c(OC)c(OC)cc2c1c(=O)c1ccccc1n2C,PubChem_filtered,313.35,313.35,3.11,3.0,3,5.0,5,4.0,4,0,4,49.69,3,23,0.13496476190476187,0.9125880952380953,True
MOL_020834,Cc1cccc(-n2cnc(C(=O)N3CCN(c4cccc(Cl)c4)CC3)c2)n1,PubChem_filtered,381.87,381.87,3.19,3.0,3,6.0,6,3.0,3,0,4,54.26,4,27,0.13497771428571426,0.9125557142857144,True
MOL_005482,Cc1ccc(N2C=Nn3c(nc4sc5c(c4c3=O)CCCC5)C2)cc1,PubChem_filtered,350.45,350.45,3.46,3.0,3,6.0,6,1.0,1,0,5,50.49,5,25,0.1349914285714286,0.9125214285714285,True
MOL_020503,Cc1sc2nc(SCC(=O)N3CCc4ccccc43)[nH]c(=O)c2c1C,PubChem_filtered,371.49,371.49,3.28,3.0,3,7.0,7,3.0,3,1,5,66.06,4,25,0.13499828571428568,0.9125042857142858,True
MOL_007728,O=C(O)C(=O)CC(=O)N(CCCc1ccccc1)c1ccc2ncccc2c1,PubChem_filtered,376.41,376.41,3.24,3.0,3,6.0,6,8.0,8,1,4,87.57,3,28,0.1350417142857142,0.9123957142857144,True
MOL_016659,CCN1C(=O)[C@@]2(C(C#N)=C(N)Oc3n[nH]c(-c4ccccc4)c32)c2ccccc21,PubChem_filtered,383.41,383.41,2.82,3.0,3,7.0,7,2.0,2,2,5,108.03,5,29,0.13504171428571432,0.9123957142857142,True
MOL_016658,CCN1C(=O)[C@]2(C(C#N)=C(N)Oc3n[nH]c(-c4ccccc4)c32)c2ccccc21,PubChem_filtered,383.41,383.41,2.82,3.0,3,7.0,7,2.0,2,2,5,108.03,5,29,0.13504171428571432,0.9123957142857142,True
MOL_008701,CN(C)c1nc(N2CCOCC2)nc(N(c2ccccc2)c2ccccc2)n1,PubChem_filtered,376.46,376.46,3.24,3.0,3,7.0,7,5.0,5,0,7,57.62,4,28,0.13505028571428568,0.9123742857142858,True
MOL_003247,Cc1ccccc1Nc1nc(N)nc(CCN2CCN(c3ccccc3)CC2)n1,PubChem_filtered,389.51,389.51,2.87,3.0,3,7.0,7,6.0,6,2,7,83.2,4,29,0.13508742857142853,0.9122814285714286,True
MOL_015723,CCN1C(=O)c2cccc3c(S(=O)(=O)Nc4cc(C)ccn4)ccc1c23,PubChem_filtered,367.43,367.43,3.32,3.0,3,7.0,7,4.0,4,1,4,79.37,4,26,0.13510228571428573,0.9122442857142856,True
MOL_015720,CCN1C(=O)c2cccc3c(S(=O)(=O)Nc4ccc(C)cn4)ccc1c23,PubChem_filtered,367.43,367.43,3.32,3.0,3,7.0,7,4.0,4,1,4,79.37,4,26,0.13510228571428573,0.9122442857142856,True
MOL_022058,CCN1C(=O)c2cccc3c(S(=O)(=O)Nc4cccc(C)n4)ccc1c23,PubChem_filtered,367.43,367.43,3.32,3.0,3,7.0,7,4.0,4,1,4,79.37,4,26,0.13510228571428573,0.9122442857142856,True
MOL_016264,CCN1C(=O)c2cccc3c(S(=O)(=O)Nc4ncccc4C)ccc1c23,PubChem_filtered,367.43,367.43,3.32,3.0,3,7.0,7,4.0,4,1,4,79.37,4,26,0.13510228571428573,0.9122442857142856,True
MOL_006771,O=C(O)c1cn(C2CC2)c2c(F)c(N3CCC(n4ccnc4)C3)c(F)cc2c1=O,PubChem_filtered,400.39,400.39,2.96,3.0,3,7.0,7,4.0,4,1,4,80.36,5,29,0.13515257142857134,0.9121185714285716,True
MOL_009489,Cc1nc2ccccc2c(=O)n1CC(=O)Nc1ccc(N(C)C)cc1,PubChem_filtered,336.4,336.4,2.41,3.0,3,6.0,6,4.0,4,1,4,67.23,3,25,0.1351828571428571,0.9120428571428572,True
MOL_005041,COc1ccc2c(c1)c(=O)c1ccccc1n2C=CC(=O)O,PubChem_filtered,295.29,295.29,2.72,3.0,3,5.0,5,3.0,3,1,3,68.53,3,22,0.1352687619047619,0.9118280952380953,True
MOL_017575,Cc1ccc(Nc2nc(N)nc(CN3CCN(c4ccccc4)CC3)n2)c(C)c1,PubChem_filtered,389.51,389.51,3.14,3.0,3,7.0,7,5.0,5,2,7,83.2,4,29,0.13528742857142856,0.9117814285714285,True
MOL_007161,Cc1nnc2n1-c1ccc(Cl)nc1CN(c1ccccc1)C2,PubChem_filtered,311.78,311.78,3.14,3.0,3,5.0,5,1.0,1,0,4,46.84,4,22,0.135295619047619,0.9117609523809524,True
MOL_001035,CC(=O)Nc1ccc2cc3ccc(NC(C)=O)cc3nc2c1,PubChem_filtered,293.33,293.33,3.3,3.0,3,5.0,5,2.0,2,2,3,71.09,3,22,0.1353327619047619,0.9116680952380952,True
MOL_007729,N#Cc1cccc(N(Cc2ccc3ccccc3c2)C(=O)CC(=O)C(=O)O)c1,PubChem_filtered,372.38,372.38,3.29,3.0,3,6.0,6,6.0,6,1,4,98.47,3,28,0.1353508571428571,0.9116228571428572,True
MOL_005564,COc1ccc2nc3c([N+](=O)[O-])ccc4c3c(c2c1)N=CN4CCN(C)C,PubChem_filtered,365.39,365.39,3.35,3.0,3,8.0,8,5.0,5,0,7,84.1,4,27,0.13535257142857143,0.9116185714285714,True
MOL_012788,CN(C1=NS(=O)(=O)c2ccccc21)c1ccc(OC(=O)c2cccnc2)cc1,PubChem_filtered,393.42,393.42,2.89,3.0,3,8.0,8,3.0,3,0,6,88.93,4,28,0.13535771428571425,0.9116057142857144,True
MOL_012586,CN(C1=NS(=O)(=O)c2ccccc21)c1ccc(OC(=O)c2ccncc2)cc1,PubChem_filtered,393.42,393.42,2.89,3.0,3,8.0,8,3.0,3,0,6,88.93,4,28,0.13535771428571425,0.9116057142857144,True
MOL_004051,CC(=O)Nc1ncc2ccccc2c1-c1ccc(N(CCO)CCO)cc1,PubChem_filtered,365.43,365.43,2.65,3.0,3,6.0,6,7.0,7,3,5,85.69,3,27,0.13535942857142857,0.9116014285714286,True
MOL_010295,N#Cc1nc(-c2cccs2)oc1N1CCN(c2ccccc2)CC1,PubChem_filtered,336.42,336.42,3.6,3.0,3,6.0,6,3.0,3,0,6,56.3,4,24,0.13538628571428568,0.9115342857142857,True
MOL_004723,O=C(O)C(CS)NCc1c2ccccc2nc2ccccc12,PubChem_filtered,312.39,312.39,2.86,3.0,3,5.0,5,5.0,5,3,4,62.22,3,22,0.13540019047619045,0.9114995238095238,True
MOL_003219,Cc1ccccc1N1CCN(CCC(O)c2cnn(-c3ccccn3)c2C)CC1,PubChem_filtered,391.52,391.52,3.13,3.0,3,6.0,6,6.0,6,1,5,57.42,4,29,0.135432,0.91142,True
MOL_011041,CSc1nc(SC)c2cnc(N3CCN(c4ccccc4)CC3)nc2n1,PubChem_filtered,384.53,384.53,3.19,3.0,3,8.0,8,4.0,4,0,8,58.04,4,26,0.13543371428571427,0.9114157142857142,True
MOL_022106,COc1ccc2nc(C)cc(C(=O)NN=Cc3ccc(N(C)C)cc3)c2c1,PubChem_filtered,362.43,362.43,3.38,3.0,3,6.0,6,5.0,5,1,5,66.82,3,27,0.13544514285714288,0.9113871428571427,True
MOL_009077,CCN1C(=O)C2(C(C#N)=C(N)Oc3c2c(C)nn3-c2ccccc2)c2ccccc21,PubChem_filtered,397.44,397.44,2.92,3.0,3,7.0,7,2.0,2,1,5,97.17,5,30,0.1354468571428571,0.9113828571428573,True
MOL_003996,CCN(CC)c1nc(C=Cc2ccc(N(C)C)cc2)c2nccnc2n1,PubChem_filtered,348.45,348.45,3.5,3.0,3,6.0,6,6.0,6,0,6,58.04,3,26,0.13544857142857142,0.9113785714285714,True
MOL_013831,N#Cc1cnc(SCC(=O)N(c2ccccc2)c2ccccc2)nc1N,PubChem_filtered,361.43,361.43,3.39,3.0,3,7.0,7,5.0,5,1,6,95.9,3,26,0.1354737142857143,0.9113157142857142,True
MOL_014284,CCn1c(SCC(=O)Nc2ccc(N(C)C)cc2)nc2ccccc2c1=O,PubChem_filtered,382.49,382.49,3.21,3.0,3,7.0,7,6.0,6,1,5,67.23,3,27,0.13548399999999994,0.91129,True
MOL_016943,COc1ccc(N(C)C(=O)c2ccc(N3C(=O)c4cccnc4C3=O)cc2)cc1,PubChem_filtered,387.4,387.4,3.17,3.0,3,7.0,7,4.0,4,0,5,79.81,4,29,0.13552571428571425,0.9111857142857144,True
MOL_012063,CCN1C(=O)[C@]2(C(C#N)=C(N)Oc3n[nH]c(-c4ccc(F)cc4)c32)c2ccccc21,PubChem_filtered,401.4,401.4,2.95,3.0,3,7.0,7,2.0,2,2,5,108.03,5,30,0.13552571428571425,0.9111857142857144,True
MOL_012064,CCN1C(=O)[C@@]2(C(C#N)=C(N)Oc3n[nH]c(-c4ccc(F)cc4)c32)c2ccccc21,PubChem_filtered,401.4,401.4,2.95,3.0,3,7.0,7,2.0,2,2,5,108.03,5,30,0.13552571428571425,0.9111857142857144,True
MOL_016135,COc1ccc(N2CCN(C(=O)c3cnn4c(C(F)F)cc(C)nc34)CC2)cc1,PubChem_filtered,401.42,401.42,2.95,3.0,3,7.0,7,4.0,4,0,5,62.97,4,29,0.13552914285714285,0.9111771428571428,True
MOL_018613,COc1ccc(N(Cc2cc3ccccc3[nH]c2=O)C(=O)[C@H]2CCCO2)cc1,PubChem_filtered,378.43,378.43,3.25,3.0,3,6.0,6,5.0,5,1,4,71.63,4,28,0.13558800000000004,0.9110299999999999,True
MOL_018692,COc1ccc2[nH]c(=O)c(CN(C(=O)[C@H]3CCCO3)c3ccccc3)cc2c1,PubChem_filtered,378.43,378.43,3.25,3.0,3,6.0,6,5.0,5,1,4,71.63,4,28,0.13558800000000004,0.9110299999999999,True
MOL_018693,COc1ccc2[nH]c(=O)c(CN(C(=O)[C@@H]3CCCO3)c3ccccc3)cc2c1,PubChem_filtered,378.43,378.43,3.25,3.0,3,6.0,6,5.0,5,1,4,71.63,4,28,0.13558800000000004,0.9110299999999999,True
MOL_018614,COc1ccc(N(Cc2cc3ccccc3[nH]c2=O)C(=O)[C@@H]2CCCO2)cc1,PubChem_filtered,378.43,378.43,3.25,3.0,3,6.0,6,5.0,5,1,4,71.63,4,28,0.13558800000000004,0.9110299999999999,True
MOL_019271,COc1cccc(N(Cc2cc3ccccc3[nH]c2=O)C(=O)[C@H]2CCCO2)c1,PubChem_filtered,378.43,378.43,3.25,3.0,3,6.0,6,5.0,5,1,4,71.63,4,28,0.13558800000000004,0.9110299999999999,True
MOL_019272,COc1cccc(N(Cc2cc3ccccc3[nH]c2=O)C(=O)[C@@H]2CCCO2)c1,PubChem_filtered,378.43,378.43,3.25,3.0,3,6.0,6,5.0,5,1,4,71.63,4,28,0.13558800000000004,0.9110299999999999,True
MOL_009130,COc1ccc(N(Cc2cc3ccccc3[nH]c2=O)C(=O)C2CCCO2)cc1,PubChem_filtered,378.43,378.43,3.25,3.0,3,6.0,6,5.0,5,1,4,71.63,4,28,0.13558800000000004,0.9110299999999999,True
MOL_017334,Cc1ccc2cccc(S(=O)(=O)N3CCN(c4ccccc4F)CC3)c2n1,PubChem_filtered,385.46,385.46,3.19,3.0,3,6.0,6,3.0,3,0,4,53.51,4,27,0.13559314285714286,0.9110171428571429,True
MOL_012771,C=CCn1c(SCC(=O)N2CCc3ccccc32)nc2ccccc2c1=O,PubChem_filtered,377.47,377.47,3.26,3.0,3,6.0,6,5.0,5,0,4,55.2,4,27,0.13562342857142856,0.9109414285714286,True
MOL_005488,Cc1sc2nc3n(c(=O)c2c1C)N=CN(c1ccc(Cl)cc1)C3,PubChem_filtered,344.83,344.83,3.54,3.0,3,6.0,6,1.0,1,0,5,50.49,4,23,0.13562799999999992,0.9109300000000001,True
MOL_018784,O=c1[nH]c(=O)n(Cc2ccccc2)c(O)c1C=Nc1ccccc1N1CCCCC1,PubChem_filtered,404.47,404.47,3.03,3.0,3,7.0,7,5.0,5,2,5,90.69,4,30,0.13565199999999994,0.9108700000000001,True
MOL_001234,O=C1c2ccccc2C(=O)c2c(Nc3ccc(OCCO)cc3)ccc(O)c21,PubChem_filtered,375.38,375.38,3.28,3.0,3,6.0,6,5.0,5,3,6,95.86,4,28,0.13566514285714282,0.9108371428571429,True
MOL_006586,N#Cc1ccccc1N1CCN(C(=O)c2cc3ccccc3[nH]2)CC1,PubChem_filtered,330.39,330.39,3.0,3.0,3,5.0,5,2.0,2,1,3,63.13,4,25,0.13568590476190473,0.9107852380952381,True
MOL_016552,CC(=O)Oc1cccc(N2C(=O)c3ccc(C(=O)Nc4cccnc4)cc3C2=O)c1,PubChem_filtered,401.38,401.38,3.06,3.0,3,8.0,8,4.0,4,1,6,105.67,4,30,0.13572228571428568,0.9106942857142857,True
MOL_016564,Cc1cccc(N2C(=O)c3ccc(C(=O)Nc4ccccn4)cc3C2=O)c1,PubChem_filtered,357.37,357.37,3.44,3.0,3,6.0,6,3.0,3,1,4,79.37,4,27,0.13577771428571422,0.9105557142857144,True
MOL_009629,CCOC(=O)c1nc(Nc2ccc(N(C)C)cc2)c2ccccc2n1,PubChem_filtered,336.4,336.4,3.62,3.0,3,6.0,6,5.0,5,1,6,67.35,3,25,0.13578285714285715,0.9105428571428571,True
MOL_008966,CCN(CC)c1ccc(N=Cc2c(O)n(-c3ccccc3C)c(=O)[nH]c2=O)cc1,PubChem_filtered,392.46,392.46,3.14,3.0,3,7.0,7,6.0,6,2,5,90.69,3,29,0.13579314285714283,0.9105171428571428,True
MOL_008818,O=C(CN1CCN(c2ncccn2)CC1)N(Cc1ccccc1)c1ccc(F)cc1,PubChem_filtered,405.48,405.48,2.97,3.0,3,6.0,6,6.0,6,0,5,52.57,4,30,0.1358251428571428,0.910437142857143,True
MOL_019753,CC(C)(C)n1nnnc1[C@@H](c1cccnc1)N1CCN(c2ccccc2)CC1,PubChem_filtered,377.5,377.5,2.73,3.0,3,7.0,7,4.0,4,0,6,62.97,4,28,0.1358285714285714,0.9104285714285714,True
MOL_019752,CC(C)(C)n1nnnc1[C@H](c1cccnc1)N1CCN(c2ccccc2)CC1,PubChem_filtered,377.5,377.5,2.73,3.0,3,7.0,7,4.0,4,0,6,62.97,4,28,0.1358285714285714,0.9104285714285714,True
MOL_005258,O=[N+]([O-])c1cccc2nc3ccccc3c(NCCNCCO)c12,PubChem_filtered,326.36,326.36,2.29,3.0,3,7.0,7,7.0,7,3,6,100.32,3,24,0.13586171428571425,0.9103457142857143,True
MOL_005128,COc1ccc2nc3c([N+](=O)[O-])ccc4c3c(c2c1)NCCN4CCO,PubChem_filtered,354.37,354.37,2.53,3.0,3,8.0,8,4.0,4,2,7,100.76,4,26,0.13586342857142852,0.9103414285714286,True
MOL_008642,Cn1c2cccc([N+](=O)[O-])c2c(=O)c2c(O)c3c(cc21)OC(C)(C)C=C3,PubChem_filtered,352.35,352.35,3.49,3.0,3,7.0,7,1.0,1,1,5,94.6,4,26,0.13591714285714285,0.9102071428571429,True
MOL_017815,CN(C)c1ccc(NC(=O)c2ccc(N3C(=O)c4cccnc4C3=O)cc2)cc1,PubChem_filtered,386.41,386.41,3.2,3.0,3,7.0,7,4.0,4,1,5,82.61,4,29,0.13595599999999997,0.91011,True
MOL_003624,COc1cc2c(c(OC)c1OC)c(=O)c1ccccc1n2C,PubChem_filtered,299.33,299.33,2.72,3.0,3,5.0,5,3.0,3,0,4,49.69,3,22,0.13596133333333327,0.9100966666666668,True
MOL_001623,O=C(O)c1cn([C@@H]2C[C@H]2c2ccccc2)c2cc(N3CCNCC3)c(F)cc2c1=O,PubChem_filtered,407.45,407.45,2.98,3.0,3,6.0,6,4.0,4,2,4,74.57,5,30,0.13596285714285716,0.910092857142857,True
MOL_003754,COc1cc(N(C(C)=O)c2ccc(C(=O)O)cc2)c2ncccc2c1,PubChem_filtered,336.35,336.35,3.63,3.0,3,6.0,6,4.0,4,1,4,79.73,3,25,0.13597428571428566,0.9100642857142858,True
MOL_001895,[N-]=[N+]=Nc1c2ccccc2nc2cc([N+](=O)[O-])ccc12,PubChem_filtered,265.23,265.23,4.24,3.0,3,7.0,7,2.0,2,0,4,104.79,3,20,0.13598228571428572,0.9100442857142856,True
MOL_002597,[N-]=[N+]=Nc1c2ccccc2nc2cccc([N+](=O)[O-])c12,PubChem_filtered,265.23,265.23,4.24,3.0,3,7.0,7,2.0,2,0,4,104.79,3,20,0.13598228571428572,0.9100442857142856,True
MOL_001897,[N-]=[N+]=Nc1c2ccccc2nc2ccc([N+](=O)[O-])cc12,PubChem_filtered,265.23,265.23,4.24,3.0,3,7.0,7,2.0,2,0,4,104.79,3,20,0.13598228571428572,0.9100442857142856,True
MOL_009994,O=C1CCC(=O)N1c1ccc(-c2cn3ccccc3n2)cc1,PubChem_filtered,291.31,291.31,2.65,3.0,3,5.0,5,2.0,2,0,3,54.68,4,22,0.13598647619047616,0.9100338095238095,True
MOL_008299,O=C(COC(=O)Cn1c2ccccc2c(=O)c2ccccc21)NC1CCCCC1,PubChem_filtered,392.46,392.46,3.15,3.0,3,6.0,6,5.0,5,1,4,77.4,4,29,0.1359931428571428,0.9100171428571429,True
MOL_001878,CCN(CC)CC(O)CNc1c2ccc(N)cc2nc2cc(OC)c(OC)cc12,PubChem_filtered,398.51,398.51,3.1,3.0,3,7.0,7,9.0,9,3,7,92.87,3,29,0.13603028571428566,0.9099242857142857,True
MOL_011232,CCc1[nH]nc2c1[C@]1(C(=O)N(Cc3ccccc3)c3ccccc31)C(C#N)=C(N)O2,PubChem_filtered,397.44,397.44,2.89,3.0,3,7.0,7,3.0,3,2,5,108.03,5,30,0.13604685714285708,0.9098828571428572,True
MOL_011233,CCc1[nH]nc2c1[C@@]1(C(=O)N(Cc3ccccc3)c3ccccc31)C(C#N)=C(N)O2,PubChem_filtered,397.44,397.44,2.89,3.0,3,7.0,7,3.0,3,2,5,108.03,5,30,0.13604685714285708,0.9098828571428572,True
